,mean squared error,R
0,9085.116346383391,-1.7763051100440488
1,16.343707771059297,0.24436443291349552
2,7.538323222937518,0.5985259444788453
