,mean squared error,R
0,343.7399374553988,-0.1527430166005017
1,217.0369835565888,-0.4172502326536973
2,39.79426811832308,-0.042482609296800256
