,mean squared error,R
0,3252002.4462979697,-0.054944380721724695
1,18.40718462836423,-0.25464882275780654
2,8.706267752475554,0.2829981822688392
