,mean squared error,R
0,23.36519575099736,-2.909932393248403
1,19.87381098590609,-0.921084700402323
2,17.615452377108753,0.10674295112202603
