,mean squared error,R
0,366.31574280061847,0.12855263794835747
1,264.0543620677594,0.22045539730949437
2,119.12446957877292,0.2882044709694489
