,mean squared error,R
0,26.48202171988848,-0.44708440434398034
1,16.146096136385133,-0.33908730654075314
2,16.36930805718923,-4.708376751490293
