,mean squared error,R
0,89965796069.55399,-0.18604881265001816
1,45444436571.52854,0.0996530482160265
2,180280395301.68658,-4.575656427479937
3,82174030585.62363,0.6057734101221931
4,60439770274.592766,-1.312504780433649
5,571163982177.2456,-38.057733631669336
6,91353391957.27705,0.23518226187609625
7,147405795322.79355,-2.9020766134819787
8,134802732472.94884,-0.31957586033700847
9,95906906487.26442,-1.347025330103758
