,mean squared error,R
0,607660932463.7448,-71.30853571131556
1,465843446795.6503,-0.1702235072007674
2,402919262861.35175,-0.3908586670599352
3,1048738822064.1598,-0.13157657000086553
4,750792235328.2346,-0.020360998244161266
5,31088091835.826015,0.7137595778361481
6,3459940049215.7783,-0.2904689165686509
7,363093532560.262,-0.30707970007018104
8,1977042413127.4,-0.09411524614633482
9,852767012715.7946,0.07385427581107162
