,mean squared error,R
0,118805917306.4994,-0.4425813178885005
1,133146613107.72473,0.06446412376690736
2,129454012107.0986,0.41261654971690953
3,107033038554.33687,0.24372220316141813
4,511643463370.08594,-2.3769752559765194
5,83465410735.02779,0.5473605319484733
6,45922419212.16201,0.07880521262561169
7,50944854778.99431,0.5563266202090968
8,87783667987.67812,0.333268452452685
9,94070359132.43578,-0.025450421223905062
