,mean squared error,R
0,129698744311.82437,-3.006781069910999
1,101872871605.30699,-1.2364197015301577
2,132349314075.10593,-0.7152163991412317
3,130244492484.1245,-0.8291886194856157
4,167494887814.81232,-0.871418674466121
5,40157572399.30294,-2.1719155496110703
6,55498851040.26533,0.17828838847135076
7,204293428396.68164,0.24579583850160824
8,441826301990.99786,-3.4391051470440495
9,48598307598.02533,-1.8348825074233899
