,mean squared error,R
0,132719124900.1646,-2.8327859931989954
1,53210963592.874916,-2.1821276073659095
2,264274532215.65482,-0.8537478831371081
3,1802169924536.092,-0.17102398859603274
4,2068720403829.5896,-0.3175164514103852
5,72126092914.97893,0.6621794061270975
6,3691053994665.4653,-0.09446828363110304
7,684399052954.8556,-29.444157757240536
8,112299008933.6387,-0.633887434436861
9,1367722094128.78,-0.0680690582866641
