,mean squared error,R
0,142486289284.7145,-0.5168810104078201
1,252085917738.91724,0.10591859887747235
2,85347487058.32108,-0.10327205371662629
3,320014167774.7667,-0.3640540937697867
4,60792223836.63524,0.37593343980600624
5,42055023191.130295,0.6984432619933891
6,181870061976.69717,-0.524050216773424
7,105756370948.7577,0.26460021161191394
8,183467888163.55228,-0.2749916482540724
9,234335700785.88058,0.11822930310661184
