,mean squared error,R
0,137775850730.61594,-5.700322321651224
1,40782313287.51726,-0.3820089436094223
2,63537846622.40307,-0.004866746811533762
3,152978840746.23294,0.6283011000271757
4,122308408710.88171,-9.149131448459961
5,502141217581.1148,-3.5240004892042123
6,80002719431.52055,0.4477912219730753
7,108521260386.41866,-0.09106476806183328
8,143554653393.83002,-0.24256152477316983
9,45361702152.88115,0.2967900454636728
