,mean squared error,R
0,56778840207.16504,-0.21679904717170073
1,48976461261.54812,0.5730478843927382
2,95036834174.83688,-0.6781753477906276
3,22876100561.42498,0.9634577288595338
4,32498430165.035423,0.6666401541001887
5,113528662723.00633,-0.0857600529226219
6,95585061249.58752,-0.14270675647800868
7,78977773232.58041,0.3505478246663618
8,51836583434.529305,-1.0627950132378001
9,50080145863.39901,0.6326766361221254
