,mean squared error,R
0,144771758532.20145,0.52735648442065
1,117028182225.24733,-0.2575581423074833
2,446649917735.59894,-0.41469302135964226
3,40969995862.84203,0.6111447932929956
4,83087692780.76416,0.4551199344202108
5,188898942988.31885,-0.45571885472036966
6,113098929148.79398,-1.7611171011608122
7,757945731852.7411,-0.08724731917408124
8,56474293960.79999,0.2652721627732245
9,387003105055.78796,-3.817608959854107
