,mean squared error,R
0,70645552059.31026,-13.878681086235924
1,283374108459.53204,-6.527592046485505
2,36253003729.473816,0.447799219116799
3,139302770009.28394,-0.4688519639332964
4,98632306036.1281,-5.814794812680422
5,124207500475.2884,-0.9207986149676886
6,131722031503.12888,-0.7805177443195734
7,49532287442.303154,-0.03448897277027485
8,88840300342.28325,-1.285343951993835
9,479733209854.06946,-3.545219773921069
