,mean squared error,R
0,236553946254.5542,-5.372705867366933
1,68276951145.97825,-0.0033901629592916205
2,185029617973.52524,-0.07761777513765189
3,50456379750.487175,-1.1071454585201268
4,82458280200.19003,-1.0795742041016525
5,131766464087.46802,-2.877179185415611
6,204084018684.54422,-4.244283062975325
7,95694779855.54735,-3.1341005703656943
8,55800464492.24544,0.4195791134091752
9,530099377627.6917,-14.215304722317013
