,mean squared error,R
0,66801097073.44551,0.09975486359950703
1,135621122843.80244,-0.5574964804266873
2,185211706571.12088,-0.2762458375865564
3,97607560856.79996,-1.1640999115309407
4,247450527507.96713,0.279296775964026
5,130367037308.32268,-0.6925018576158342
6,37339768097.649376,0.33871207455333374
7,310539613293.45844,-1.566379298705562
8,384156856137.9875,0.19335987697821155
9,109862956511.98245,0.30223207810620545
