,mean squared error,R
0,376854593514.9723,-1.1813923366778076
1,220586847050.49414,0.021103125046399218
2,63475824475.04063,0.5979676886901402
3,124546072339.46826,0.1992782462145165
4,143944856032.6779,0.06656437099343915
5,71554484437.13591,0.019026192716690593
6,347692105443.7672,-0.16996751226862705
7,48124391027.251305,0.5741756828428157
8,121576820722.81677,-1.458351842687942
9,30771698942.19285,0.36413870067132803
