,mean squared error,R
0,114143042882.83578,-0.24693259033360881
1,220874898460.7044,-2.8349895193504477
2,90793617414.57837,-1.2218041313005426
3,54120002919.291306,0.500914781293001
4,498082467371.8339,-12.858801150188413
5,176885204934.69092,-1.1837949990168264
6,67367272564.35933,-0.4606094381905581
7,108354507291.41968,-0.6445227261091921
8,95027094305.03996,-1.0184088029804261
9,81807810069.65073,-0.42296597537528835
