,mean squared error,R
0,79010288705.27867,-0.25770987816098523
1,35428485376.52965,0.6276375608013982
2,77584219625.65019,0.10256212104143425
3,43287064999.37838,0.7437755339905177
4,82361581442.98276,0.5541879896080262
5,28561647508.066704,0.5334404981121172
6,537782649041.173,-5.737230924864276
7,116206519355.14233,0.025417629960278854
8,56808585039.061455,0.4787924343307718
9,26322516216.40742,-0.03708720000350896
