,mean squared error,R
0,453914604677.51794,-4.394191346321888
1,63077648184.609795,-0.14505947324753254
2,50017616880.8919,-0.2270558894381962
3,113721410647.86403,0.1676751928681246
4,182500688298.43857,-1.5698313595047164
5,40500442608.609474,0.14874509989577844
6,32663592418.156334,0.6149769534117733
7,53701905269.16555,0.5860565598031409
8,75676858709.24117,-0.4942851818085352
9,65827035424.18672,0.35295459593292233
