,mean squared error,R
0,78282987318.96495,0.6116577923000859
1,28533138358.33798,0.8201432238848003
2,34886211567.42661,0.5009640892665115
3,136326831351.3376,0.26841447391605033
4,387850347377.6654,-2.6009542504493477
5,77226594318.30437,0.2715065551724888
6,98397482953.28975,0.2509334742529832
7,22886817715.337563,0.711235997709356
8,54161781655.66389,0.045717399836168626
9,33540979880.243103,0.4349011964511873
