,mean squared error,R
0,24285959301.04952,0.6276126167901044
1,46121981941.93883,0.6247294675808618
2,108821503615.24934,0.3174292863370549
3,295469439201.7128,-0.019152816572606035
4,853529553859.6008,-1.3496659395973318
5,76002518091.44705,-0.058049880408087784
6,141262954640.71863,-0.2224115114213241
7,98534627172.06491,-0.2552044324685714
8,90185682941.85094,0.19390891573406277
9,496331046567.96783,-0.268083143225313
