,mean squared error,R
0,105417287786.43117,0.45510282391915646
1,478231602422.7704,-1.4096330773310353
2,119428995170.07213,-0.0158218019789238
3,106211247074.49426,0.1332074840745644
4,440490389722.8598,0.01964526840260028
5,247924706069.69855,0.3839734076117115
6,66298569010.39553,0.42942762145793956
7,724649924016.7684,-0.7248376312470908
8,102619031702.19838,0.31382437922976114
9,248851645771.08725,-0.04030317020585561
