,mean squared error,R
0,27376656663.15163,-0.36511931687015564
1,58783656595.44398,0.634341051310455
2,32261786511.507114,0.7438642373920494
3,20286244646.75235,0.8293770814882139
4,131910188923.47755,-0.0779692146451545
5,45814669762.50415,0.6881518498829305
6,58262459148.42946,0.23344006320915456
7,43354884950.188705,0.7759729421182464
8,565515861207.8142,-8.944501140380547
9,51195065968.14135,-0.014921249377015666
