,mean squared error,R
0,563120388044.1534,-3.6164024674104187
1,37160265984.70942,0.3949693113720787
2,59400500206.80712,-0.9230292394452237
3,50119086842.67655,0.6393733222811091
4,59402278151.05965,-0.4060169752910412
5,49436290049.216225,0.7800387905890356
6,73053240817.55731,0.005497170830018883
7,33274716848.670837,0.5100540958822297
8,46664038524.22844,-0.4903223240243453
9,43000001085.414734,0.7093923972751235
