,mean squared error,R
0,15.628104305815842,0.1511076453954313
1,18.424573908825053,-0.4719103720744833
2,18.733508803167194,-1.4764923725592602
