,mean squared error,R
0,18136.63750714522,-0.04283768827982004
1,507.05156728149535,-0.03296456106785528
2,2990.621280379745,0.04227915586945741
