,mean squared error,R
0,46701.721138159504,-0.16452109231042122
1,109.07089879503842,0.16300968868787513
2,21.896472046121453,-1783.4066145074844
