,mean squared error,R
0,126021167675.37141,-1.122408743319765
1,176300388972.5682,-15.77486458239147
2,86965666198.2225,-1.2740681745492601
3,2257177003761.1626,0.1549133140797435
4,21023381510.05704,0.19654885291867363
5,660392858401.4392,-0.1926281230453415
6,581944205969.6038,-33.05843111810609
7,75807469727.14189,0.5070791545928732
8,75793081817.11636,0.007837924155362885
9,495100763940.6157,-0.06422209442790838
