,mean squared error,R
0,818469117636.8473,-8.63375890201208
1,51427735454.964226,-0.09461136479345833
2,109669178662.55861,0.30819749104053407
3,61465239049.924965,0.1449821216152254
4,72919587832.7977,0.20718225301749582
5,50301756186.66378,0.5603341249137694
6,94541191489.27348,0.6906017912696332
7,110906925566.02312,-4.32990333302688
8,1427464501278.6562,-0.21460560607667634
9,216151138490.55075,-3.410786675447384
