,mean squared error,R
0,147.64206739129162,-1.564733708812994
1,116.09061257383203,-3.2866886745563813
2,106.25153129211512,-6.751182490268734
3,296.5501425157575,-0.4851254127897311
4,127.58647911112666,-2.2627808402848455
5,121.99003789443236,-2.1387429535977205
6,104.82565738855723,-6.6644862946970305
7,153.4584049505052,-2.80457437990573
8,97.19716370046083,-37.295654191352504
9,98.6183211419927,-11.942208438565293
