,mean squared error,R
0,95.47704759380717,-19.40009623821182
1,408.8586656997339,-128.9513679344113
2,105.30264213639211,-28.753601132432625
3,93.301027432898,-28.35278248198553
4,373.90627199711025,-4.414819256604253
5,117.11682214408361,-51.20787806951643
6,94.49498179634708,-18.43767840655559
7,100.40724952036369,-17.266042538267012
8,144.07988885549804,-3.499572150888672
9,136.99166895508398,-2.2077924613347335
