,mean squared error,R
0,43828834070.86108,0.5717154299326046
1,141027831437.14133,-6.426027476186275
2,81259343516.16588,-0.6015304555746062
3,295667160769.805,-3.350979859369347
4,147922282097.9271,0.7784449510140173
5,119277105318.56018,0.19322730741889416
6,1301121041857.4739,-0.1172625743861182
7,266767183573.31485,-0.8188331563560514
8,190024466740.59863,-1.1530344642401604
9,183034118847.73563,0.22901584993932733
