,mean squared error,R
0,253281107818.79227,-0.49995430822818077
1,401804080479.4345,-3.657940936145291
2,341789312167.5916,0.11443295050675073
3,167738858547.06323,-0.6927005112745384
4,442012394567.52783,-0.9073051027588781
5,9876573863496.56,-0.03186542319681873
6,2059086928223.299,-0.17915511707852905
7,499614301827.3037,-0.18207615219774853
8,1337327123005.6812,0.14426620011749103
9,528475636497.9188,-2.6826150127815502
