,mean squared error,R
0,487670176270.5469,-1.5420114790267117
1,214641962191.17328,-0.1260365348703183
2,78350300314.36229,-0.0318630576185277
3,211888870413.59863,-0.3568517030143783
4,91771745816.41121,0.4572197592606443
5,64497177653.01998,0.3224216411965153
6,132703590120.13339,0.41864005402520577
7,322675624960.82135,0.08787544386048196
8,147963006297.91592,0.18223404980311664
9,40491657235.79082,0.5396457497360072
