,mean squared error,R
0,76804563162.95891,-0.44791275405984243
1,46395617845.40666,0.34605849625675456
2,103043449938.6738,-0.7532821860253252
3,123744026341.05919,-0.8988819195152922
4,85066441728.8061,-0.15184667596224455
5,139657919286.4067,-12.202024549075428
6,480347843115.9296,-4.860673223092499
7,73709058017.82022,-1.0395346878568512
8,72836812961.514,-3.139516597468335
9,248599720584.5896,0.09854965275422622
