,mean squared error,R
0,154417666699.8259,-5.354879752428866
1,69492043393.76451,0.055016050083738666
2,47888562539.7859,-1.435270375803372
3,82581323923.95045,-0.3923369248451527
4,68268867639.720955,0.30742207555600753
5,44808887614.771774,0.6229794067164098
6,129681025338.37184,-0.34604012964870057
7,41234961199.88904,0.5524622107678366
8,124252444396.28992,-0.0586242530523744
9,611011788108.0684,-21.165995752882253
