,mean squared error,R
0,78687594305.04297,0.467546539614627
1,153486589987.7253,0.05970131279194124
2,24879255367.980198,0.4885177430310804
3,172541502735.2859,0.24652217934796772
4,190482950423.10794,-0.8251106468423182
5,101143318651.27213,-0.027601184167449055
6,169950309990.6575,-1.2774637101492816
7,102689372732.89323,0.3757938504148237
8,387483747445.9196,-2.73405269646914
9,158906405859.55957,-0.09954612541250829
