,mean squared error,R
0,241105144300.82907,0.1876622642896688
1,29537664148.775154,0.49407148286810953
2,75546327819.06023,0.33262606389075255
3,33083945516.24281,0.5096223673373965
4,183330766533.19827,-9.765761056523326
5,86061109624.47432,-2.083830622896474
6,148083805048.8163,0.01886199621411322
7,79943691658.31729,-0.6784146562283251
8,104270766329.69563,0.31474389211720233
9,126180366150.48833,0.21065332883754762
