,mean squared error,R
0,125973418708.78069,-1.2157542552029699
1,130012472536.39098,-0.6708474663861712
2,111277972949.6312,-2.632737401485649
3,128334240003.77534,-2.330209708531089
4,101949459628.19931,-1.4693991978743828
5,210341667709.50983,-2.3873241019116964
6,60409962591.48754,0.044481798964710384
7,44297124527.58701,-3.8736884615283866
8,466592380291.4703,-4.499058554420508
9,92740036619.21042,-0.10844140389097956
