,mean squared error,R
0,724096930383.14,-0.3900944337484993
1,6596221338998.187,-0.12548887522435215
2,627424501630.8118,-9.328319201758447
3,2526882501467.844,-0.08314185055613565
4,74538785054.89926,-1.4370451498727288
5,656352566097.4525,0.12613141157915042
6,104061275168.44144,-0.6116965458741599
7,106057918183.1093,-0.01135510378050042
8,263802810238.3185,0.3622000794855139
9,6955427461315.445,-0.017660188526670284
