,mean squared error,R
0,199179556315.80893,-2.868016625276255
1,7337226625634.709,-0.11381293710727713
2,86418402745.3496,-4.419809211576696
3,3795964115140.354,-0.09507312244627553
4,242621132474.96918,-0.2701834493293105
5,319040399367.6996,-1.215236345975815
6,635258733345.5507,-93.37354079582872
7,302278640134.74896,-0.779674278271848
8,2059115025099.1072,0.04060309900657866
9,8647538145842.414,-0.09268756939602474
