,mean squared error,R
0,195302411131.6101,-0.5907366700859704
1,119172930141.44089,-0.15298007743998943
2,2088416370863.0051,0.04297618826307792
3,47662051975.57377,0.4916211238796928
4,83054268950.74715,-0.5927890064167682
5,304796757256.9359,-0.0838071543179939
6,83357609299.00378,0.23020729226580472
7,336492893614.05066,-1.499492529001198
8,235168132805.93997,0.40832564673286176
9,489406115135.4376,-0.022106799436659275
