,mean squared error,R
0,312610753937.79114,-0.09143485773252147
1,348746746141.06494,-1.719378741186187
2,40646013457.23749,0.3290554842679366
3,142445673959.6346,-0.7072971797931051
4,157301793796.79953,-0.9838799820356394
5,69654973398.59401,0.6496984599869214
6,239319019890.34686,-0.7257430420228586
7,97792775909.82903,-0.6786730013988436
8,277434064833.39935,0.4796597331210285
9,82161286371.5344,0.4419986939205337
