,mean squared error,R
0,103490989855.26707,-0.7412133145541873
1,113832700164.88403,-3.7736718021549125
2,55344804133.3288,-0.06850985583677582
3,89068063725.79643,-0.7538348969751354
4,192185073953.4726,-5.363929192961192
5,84572663434.66652,-10.24246911499184
6,132597505907.77718,-1.3215339978730123
7,427795742661.4415,-6.85773094769263
8,121400330052.99937,0.35613405088528416
9,270422840669.06403,-0.4609208163043057
