,mean squared error,R
0,537633073465.62585,-1.0288943659258107
1,1333161687176.0122,-0.4096139547483568
2,170537014638.2976,-0.6280730075329557
3,71017057396.8503,0.24178239408836144
4,94302553069.58046,0.029944143995936146
5,128322674035.17151,-3.395220088530116
6,531571529346.41785,-7.577884126879702
7,59391273190.94243,-0.6158845508772488
8,59688754035.12742,0.24216458653947592
9,41688376756.28356,0.8121688157933897
