,mean squared error,R
0,381476370658.5763,-3.309391214818146
1,248430241627.04883,0.2762413828292437
2,149653993346.06097,-0.22315310732722993
3,69123951138.60924,0.48096501907101863
4,159199139795.12613,-0.23108755340443365
5,137718222158.33057,-0.2835217992129666
6,357597618485.27527,-0.009963618411821473
7,109151061917.20616,-0.6653117452188624
8,174268762110.6652,0.21662125627767825
9,111286371816.36775,0.11041722409208155
