,mean squared error,R
0,15.059262993963719,0.2705296000698125
1,34.10556591121961,-2.2426197792767932
2,23.199386012891747,0.28944813664426783
