,mean squared error,R
0,128231.3571509288,-0.03320435887545714
1,252.3605637649167,0.20217166000054454
2,26872.282117861418,-0.12878151916877978
