,mean squared error,R
0,349283.42844498734,-0.1805297921718343
1,168050.99658342684,-0.0898067389313133
2,21.269377968733917,-7.3418941532147866
