,mean squared error,R
0,138308832330.44278,0.27941961641647994
1,77387982946.87242,0.1610718966251532
2,99194009448.84427,0.136902216735173
3,157724675214.32303,0.5843047252956708
4,82259431651.62532,0.10380386138132003
5,46753513692.476685,0.07639038974017487
6,371874521129.3701,-2.2361572568214667
7,101944282946.73463,0.2598853553951238
8,189826842507.3427,-0.30880030848487516
9,163078036504.38693,-0.6964143238330982
