,mean squared error,R
0,129811.47243182217,-0.11161288921795043
1,3420.088928774267,-0.10057753174785655
2,24.463700276969394,-4.845535053109962e+29
