,mean squared error,R
0,16082.20233955078,-0.07586199250786652
1,17522.927306625264,-0.0758050805725512
2,189442.13187234927,-0.11850263749618084
