,mean squared error,R
0,2292.9828354604956,-0.18074027562489237
1,861.1739774632376,-0.2538367739454699
2,1951080.9264309227,-0.16334834476828908
