,mean squared error,R
0,554875449055.1355,-10.026590069672974
1,128774865776.1431,-2.511205989480903
2,248402760351.1242,-29.511613529785613
3,1421477587043.2544,-0.37378412779642245
4,79515577955.49927,-0.9069874346696496
5,70966393154.71524,0.29710003885002156
6,211807541271.52957,-90.29391312032755
7,63821906929.29431,-0.34635835401466597
8,64462291879.85352,0.2699634049226852
9,48393709437.00946,0.6711970152050615
