,mean squared error,R
0,182811434822.98532,-35.89004160538419
1,185705284075.11945,-0.6232416574266191
2,97155330542.04446,-0.09017051332313941
3,77813281536.7133,-0.7122008638715618
4,119899551776.64769,-0.8123189724232931
5,160683132165.6145,-0.6893630453587616
6,1704073984972.52,-0.9424566575995157
7,77026964419.08667,-0.04852374715080221
8,102603908674.523,-4.437276214232082
9,143142053067.57394,-0.9481608282063707
