,mean squared error,R
0,153693008111.72073,-0.1829214871840683
1,89994808816.08762,0.38358525695958
2,601750658692.743,0.14641727732785925
3,121795571389.1946,0.43628571351776935
4,43272116321.59361,0.33197487555888827
5,129126474875.17163,-0.012136942929436012
6,131442906871.4666,0.0369899609094515
7,84479806301.13075,0.09101355907926201
8,1367295301470.3772,-0.5722054886223276
9,441809724053.0991,-0.6836669484426101
