,mean squared error,R
0,25.210176816322107,-0.2707605700829234
1,42.79140923759109,0.23421059076961726
2,10.643277859203138,-5.373878160281732
