,mean squared error,R
0,30862.60022599861,-0.02048773634108958
1,1283.1839513116604,-0.48306090247127953
2,13194.840769376935,-0.04215635410337315
