,mean squared error,R
0,139.9735119021913,-0.1861576132882794
1,23.515517585657815,-0.5241368302865697
2,1968.0950503821862,-0.04602632569604448
