,mean squared error,R
0,136052138574.29526,-0.6125499304517861
1,292297104434.3346,-1.7921260142551874
2,331275979677.2627,0.09779773433684946
3,4050912567043.423,0.039018432553810545
4,61411860534.36139,0.19980283161135037
5,233981798860.55734,0.06754343372759919
6,60756595200.46023,0.48721261382070646
7,93835742154.72583,0.2299893199197789
8,270668195024.75275,0.14245452687894666
9,89799095247.08287,-0.15511769277357113
