,mean squared error,R
0,23.234150821893426,-0.6830017702081401
1,94.01014560034724,-0.9075956016676754
2,17.811096882774606,-0.6052998367228473
