,mean squared error,R
0,249.09130297231968,-0.1966134934593302
1,153.79311315711487,-0.06327312863112233
2,100651.5010849691,-0.10179802362466583
