,mean squared error,R
0,16.14146903113957,-0.3530725038919955
1,35.62420395147506,-1.9288395513093821
2,7291.755322595528,-0.01365174837932015
