,mean squared error,R
0,600445184470.2698,-11.429310852601212
1,68382064778.43224,0.5300008211234295
2,71338149500.37321,-0.0932051375103573
3,121485517756.36098,-1.0129870943278805
4,133698059350.96034,-0.41699645765485194
5,75973500017.4047,-1.3825481873648564
6,87695646572.31644,-0.1136453191265192
7,121054667111.26472,-0.3300932805521577
8,27526902537.13568,0.19059780255640035
9,78133351706.07109,0.5791204595640281
