,mean squared error,R
0,100753237862.83398,-0.841068367074284
1,197274797763.475,-0.45836991042807074
2,154095954222.1684,0.05192477215762681
3,61971301639.84974,0.22443336168026584
4,420183782406.4571,-4.040763361283
5,117449613807.304,-3.108151802057522
6,89009079623.90187,0.652859205947858
7,54297784224.881226,0.34277139611119456
8,79080338947.71547,-1.082739487376656
9,160523952461.42874,-1.457304438494535
