,mean squared error,R
0,2.41026E+12,-0.189881807
1,77175305461,-0.663437328
2,77065067977,-0.223343555
3,4.36023E+12,-0.337620659
4,3.15619E+11,-1.863291761
5,93517872922,0.020239593
6,6.45836E+11,-23.74372308
7,2.56195E+11,-16.54184202
8,5.82272E+11,0.042300025
9,3.18891E+12,-0.202876313
,1.20071E+12,
