,mean squared error,R
0,65068133517.354965,0.5916944722068725
1,113157136938.38472,-6.19856078580473
2,112179212760.50668,0.06701475509368848
3,102077791042.50212,-1.2768473842581387
4,35198238779.76292,0.8818437297101516
5,340174351174.5285,-1.410711929254163
6,104008535421.18286,0.19066902236113425
7,80265358184.12477,-0.5514669810522663
8,24006855595.25221,0.2520835439810808
9,85121440298.87671,0.3170834451048523
