,mean squared error,R
0,1.67482E+11,-16.30322468
1,38142405333,0.162821044
2,9.92832E+12,-0.059462199
3,99447938788,0.559437527
4,5.2724E+11,-7.483751187
5,1.20096E+11,-0.899987064
6,58395834042,0.241629751
7,1.16103E+11,0.127284237
8,53942637167,-0.560994189
9,46338060477,-0.340601567
,1.11555E+12,
