,mean squared error,R
0,56873914130.57238,-0.8340724231674483
1,9724405497676.324,-0.2507614694649578
2,95372106500.76804,-2.9422376328714144
3,150740217151.4822,-1.4029974751203342
4,1555570751508.2786,-0.04764725885633814
5,78648695158.52324,-0.44142685816009664
6,126580174515.12279,-3.2197168399785943
7,139156013841.62888,-5.365390514634464
8,42253952186.014854,-0.1392360715679153
9,172716897471.20773,-1.0217661989502203
