,mean squared error,R
0,79893461090.35939,0.44594908394626775
1,109269482803.40866,-0.06272514151756159
2,161743874055.97122,0.002675749765326696
3,262633591285.156,-0.08357924497932401
4,67022756117.612076,0.07206394078105294
5,85308474128.20992,0.24263896344576485
6,92466478193.62949,0.3684300223092083
7,1943934169313.155,-0.08446698594134938
8,297243445462.5257,-1.2676310811504243
9,145174082493.05038,0.18165822408272014
