,mean squared error,R
0,49470390136.989136,0.3918217023391046
1,98942553811.73776,0.5070533907656598
2,121519505105.75731,0.22361527938297687
3,123085939971.39995,0.27437309455847536
4,387554587815.0459,-1.7001558944666182
5,584407728991.1931,-0.7504977633895411
6,155249108850.0886,-1.2478362282385573
7,213367459359.73608,-0.394710627860426
8,73496554544.13321,0.5461436943985654
9,51546805601.48109,0.5084877901221435
