,mean squared error,R
0,70914789141.89365,0.6504967237404775
1,143210507151.81534,0.03800213294413668
2,136670807809.30605,-0.5476873519644192
3,377957975582.7845,-3.2368359397719386
4,115182225404.08774,-0.20738393500470154
5,138446988032.67416,-0.030897486026423282
6,93821014239.42918,0.4928607374749253
7,96459451372.50208,0.18902339389996692
8,228744485735.52798,-0.21275992668558596
9,122625900012.26526,0.22740306848574132
