,mean squared error,R
0,53087965861.83787,0.06479812897212067
1,62526251577.43462,0.3432071716636498
2,55439331745.57285,0.5128308997463606
3,192994740271.06024,-0.4744199425359352
4,172015948563.06534,0.18429184914529761
5,117626630085.26598,-0.07718974170566195
6,62444590895.51386,0.6668776551039954
7,505424440635.1637,-4.251884635983932
8,33896858784.55324,0.11134004888972837
9,79687793273.68848,0.20415905679442448
