,mean squared error,R
0,94201003222.55746,0.0560268813065824
1,92980888215.5848,-1.5432848643455994
2,128296507576.57877,-1.303591005465119
3,71317958832.2385,0.8107919515451563
4,469308024846.4516,-4.233405264463352
5,59682050005.18598,-0.6349358890898276
6,187061599710.65314,-4.596406548859353
7,56709672127.876,-0.32777496340727597
8,374974196224.997,-0.04461499584329642
9,109077691472.46631,-0.2541160933342379
