,mean squared error,R
0,1.20E+11,-0.219495259
1,1.77E+11,-2.098965044
2,60517839688,-0.278779803
3,1.22E+11,-4.465083283
4,1.13E+11,0.155809962
5,4.53E+11,-8.034574374
6,1.05E+11,-0.713998726
7,64658095473,-4.883152061
8,6.09E+11,-0.542581971
9,7.66E+11,-0.150316847
,2.59E+11,
