,mean squared error,R
0,60795453954.62026,0.3059630170722417
1,29143916074.51468,0.44747452766965456
2,192293985345.55426,0.7848376183120311
3,76558062854.62196,0.37460492613415264
4,41393601405.067184,0.4411826588644473
5,44588539482.58882,0.7367099658786985
6,112863006087.83394,0.24526597593297783
7,71311694531.19473,-0.35342182312082326
8,69150715985.72816,0.6329117868696839
9,58809796013.95626,-0.8472335965143525
