,mean squared error,R
0,93900668223.8732,-0.5446848042663448
1,35358804698.430405,0.422374822313073
2,46116082267.742874,0.0641196644810651
3,82134756363.30832,0.04708748520462436
4,38343913853.92617,-0.3530023860717255
5,147990192038.98004,-13.169792263787917
6,102533357219.48674,0.3715805854544002
7,121315673416.24599,-0.6799662329925191
8,559950521994.0476,-5.575139746574055
9,226043098647.3938,-1.710997551939926
