,mean squared error,R
0,464687591128.7933,-11.00833554956082
1,98923261661.19084,-0.6184744293738167
2,59060212882.01643,-5.234201433190031
3,23988528393.602276,0.5639550099718029
4,96962798545.75008,0.6147051727162977
5,93622287191.75816,-0.7274764155544693
6,50735933304.55943,-1.9302295165054728
7,67893712568.93626,0.3922472342821268
8,54605402504.316345,0.7398484935311845
9,77100149101.95496,0.5446819706479695
