,mean squared error,R
0,146297794457.58054,-1.2229952676832885
1,29519873844.154552,0.3844842372346252
2,35373758787.66419,0.5972361395592916
3,69196690139.5128,-17.08100123536013
4,108641387156.33536,-1.0977529733471116
5,146299208023.4174,-1.7445366311022465
6,59520467837.77218,-9.387037058518706
7,1256586638740.2043,0.19195808067968023
8,54513854611.36114,0.9062888808729918
9,317133891780.1251,-42.06732675401093
