,mean squared error,R
0,192018159316.16888,-3.6651475051804745
1,82577865223.09108,-0.3282302788147431
2,1435227023489.5188,-0.10015753482968726
3,117379954244.67007,-3.3764113509168068
4,108057744432.0772,-0.5470141654441933
5,53271121659.01228,-0.48358255536919303
6,236063490850.08942,-3.295658769118627
7,604499990224.5876,-10.757679918310375
8,79493565646.96382,-1.5000841125835098
9,74611673627.7302,0.5311884086906519
