,mean squared error,R
0,90080527289.22957,0.6620137511627011
1,183346774163.4752,-3.390044280586629
2,90420881112.4246,-0.5682543035597545
3,165888687574.998,-0.6606719587634018
4,105034550500.42097,-0.4498086689063776
5,28592900990.423794,0.6671805716417922
6,504548757869.41113,-6.871079774262371
7,60102585453.02983,0.050638474280628176
8,68615709826.260475,-8.59778671471503
9,84664060548.41685,-0.16197991756758667
