,mean squared error,R
0,89477057900.79103,0.029227176498223706
1,190640598929.92596,-0.19815083337278128
2,47069399828.92063,0.0703066521689727
3,170317818778.59088,-4.056656017332968
4,32204056921.07435,-0.02618886232835771
5,105734683096.47697,-2.3905404203088567
6,101966471319.07654,0.40261978548475363
7,259459535528.15527,-7.921479378415876
8,462742202778.35974,-0.9848639346247141
9,178673631356.7444,-60.49596453079551
