,mean squared error,R
0,112836904096.24556,-0.2182346503499022
1,108357683668.51465,0.01746596949017598
2,206420308725.1404,-0.031441447872020856
3,60417218114.89293,0.6369037756706035
4,219191996999.20547,-0.007609148452239811
5,177395182991.18985,0.08040057664561118
6,138435520698.319,0.049366091064692696
7,327259983466.1162,-2.2086542619527707
8,70598652662.32144,-0.15349106123998735
9,134048583069.42566,-0.47084679404311314
