,mean squared error,R
0,234821505361.83917,-0.13449389031916992
1,59431965937.1099,0.46977682647473706
2,71995082461.2671,0.3883100744301544
3,74154837901.51541,0.3397489818354219
4,39612164694.30712,0.3487740278326814
5,482949327690.18054,-1.2436556050116612
6,130407096883.81029,-0.02094768217050591
7,79205816436.42786,0.5908358174538252
8,330774864850.4794,-0.8225582074289592
9,180718735515.8343,-0.25940673796430214
