,mean squared error,R
0,110494948280.59903,0.11519286019228792
1,144656152193.84546,0.39344782482055174
2,2683062088903.129,-0.13903265509471563
3,1720558306159.16,0.08639291973176366
4,162102466596.86588,0.33901306954680055
5,91492177025.8381,0.22960102725679687
6,443701075292.1841,-1.6645038484015422
7,129513124082.03603,0.40515684959631915
8,128261347147.00084,-0.0949793750808523
9,61427882866.43419,0.21456662851351027
