,mean squared error,R
0,9.180267850000638,0.4803563457008564
1,22.91691342854947,-17.301331735416927
2,23.42492427806348,0.08059871649008021
