,mean squared error,R
0,16079.870095091876,-0.20360912753790394
1,565.378974199433,0.13119920296009913
2,57.72086984050349,-0.06718921133241729
