,mean squared error,R
0,16.655419146468745,-0.15410462236726752
1,1657.5770643395006,-0.01707172082641062
2,574.7705398214371,-0.10305589921320601
