,mean squared error,R
0,2056.8478046542236,-0.027586233044464503
1,149.3428330311845,-0.8535662963652746
2,102219.16429082028,-0.20698544461526058
