,mean squared error,R
0,223.0893087630863,-0.6194950938770392
1,61.63844736463541,-0.9472569491033593
2,478.886221452543,0.0502680170462948
