,mean squared error,R
0,22.103322960952312,0.25700897610892826
1,11.273496541582816,0.272479323181146
2,938.5934279608194,0.0750065013757164
