,mean squared error,R
0,79474922761.80081,-0.20508510832403237
1,193453592951.8731,-0.5704630786483389
2,56752677302.631424,-1.438973633897838
3,90316472381.86263,-1.5290958119526818
4,58930233469.75519,0.1896235996285469
5,517663200859.10144,-1.1176844223289057
6,346066811376.5589,-0.1799449242487723
7,120283379236.4894,-1.6808582117575663
8,151727511197.34406,-7.7300603636348235
9,147013792245.8742,-0.43085550066545175
