,mean squared error,R
0,761908922152.8492,-2.821226370085076
1,664100865028.9236,-0.2638096126581351
2,812633317441.9337,-0.5970928174173527
3,579526320787.7009,0.3022194651099006
4,81896453582.51613,-0.788406101621653
5,4496096808296.417,-0.11644164327817386
6,49275784019.73763,0.04623539191959547
7,198372207856.12762,0.17605895732265253
8,428238040042.2807,0.017984514442826227
9,49606963068.90607,-0.04307123499394483
