,mean squared error,R
0,317654037475.4025,-3.0654981353120165
1,102051818281.65872,-0.19064713053921767
2,438090925693.8365,0.08928351348431762
3,219318541540.83456,-0.4005384304924693
4,50720999006.04423,0.4996436986136735
5,155631976540.30533,-0.46228708167831045
6,62528854119.13627,0.6129421796292793
7,154522508806.13834,-0.1787266781118364
8,56976304233.154434,0.28633714889748785
9,147523034588.07755,0.23911786225497567
