,mean squared error,R
0,156175090617.64163,-0.031121031365666907
1,130468117083.27376,0.4130183979314703
2,190600444405.42795,-0.5320825688429851
3,50184027019.32054,0.5442721011365461
4,120597422785.72778,0.13627283050243744
5,82294511502.67668,-0.05561039217775554
6,188499621482.89505,-0.47227177662407116
7,1282592865434.526,-0.24642389107118312
8,135961959797.5389,0.47306943337935004
9,35075308013.775734,0.5772844329129607
