,mean squared error,R
0,73314097513.91415,0.5524342468167347
1,150338659036.2108,-0.23064053822839892
2,79246202086.18004,0.3266489582390534
3,334018559922.3722,-1.9167107655638755
4,924004674157.8877,-0.026960267719652098
5,183678207616.9686,-0.008420298756943279
6,80047227179.4473,0.06551715423937632
7,122939919797.17801,0.11937837548178165
8,72003167045.01549,0.5377258271798047
9,268476418561.04593,-0.9340696206476526
