,mean squared error,R
0,156965988411.36578,-0.028451801495538387
1,83026253828.81015,-0.01570449009358854
2,332440434662.4415,-1.2197776667806441
3,73591608269.44232,0.14053865531223886
4,233977912903.1042,-0.4049916217915861
5,27998994818.95367,0.7947407050645282
6,78156241421.693,-0.5056512443446486
7,117591928819.65964,-0.4603655764720158
8,76008171847.97272,0.4456682298328375
9,97732536507.7714,0.15411320725764466
