,mean squared error,R
0,127101224453.7584,-1.4742659094051636
1,119375934477.12784,0.4630967532551391
2,87802188450.01445,0.17893484949136662
3,53976979769.95974,-6.145022609008606
4,152611437871.6642,-2.2637319562326326
5,108253986657.30641,-3.6670102274156893
6,75097251867.02408,0.13133447150825672
7,97001600684.3456,-1.6228071065588048
8,629483816833.3556,-13.612747451685129
9,1052019166850.4193,0.07402069126080912
