,mean squared error,R
0,50199993091.48113,-0.019461784971996687
1,99608802772.51517,-6.754806077079783
2,74560644750.20837,0.6771090520589553
3,76335770935.62709,0.0511517183746345
4,390726327836.1899,-7.0037472370337746
5,54040868151.13276,0.5956473116527794
6,45221339585.78091,0.6377872145810402
7,106079938317.92017,-0.6034328833455223
8,134225279578.04257,-0.2463465873887234
9,43472699880.23646,0.3945140252736904
