,mean squared error,R
0,134802836617.60745,0.5135355061246086
1,138255547177.8339,-2.7849761183889514
2,88533292392.0881,-1.8108346108796458
3,470143932784.6506,0.22044958924014135
4,58188672228.80932,0.06652640734045745
5,34315875283.80204,0.15090008718755243
6,106536212549.01514,-0.5733775757670705
7,172560364965.91293,-1.88205300608865
8,48980613096.99842,0.1365597719451922
9,720994735919.6786,-1.941082844708903
