,mean squared error,R
0,122633467047.36209,-1.1159907504041247
1,65552637680.585205,-0.030500742020884486
2,97095284131.44221,0.23777986423500297
3,148137092335.6562,-3.023153640327318
4,889386943489.5908,-0.01561581391018163
5,117644387784.03773,-0.23492475957890058
6,17717074994.54945,0.7277409978556235
7,144690011485.74548,-0.8537307771503719
8,108189100088.85121,-1.4594709652888027
9,1650031446437.6543,-2.5169766433827094
