,mean squared error,R
0,62659348867.178444,0.1063843358132367
1,85292030835.33084,-0.6965085285976307
2,109796213442.80264,-0.6394828569901552
3,55424289032.48253,0.434221028227777
4,43896202984.44474,0.7574800662344949
5,651688459866.8708,-21.771092999789115
6,66256892653.76177,0.11688449459174555
7,91309938032.1798,-5.9004613461038815
8,105036752404.45732,0.08020257659038432
9,119440812751.2192,-2.2490837715847944
