,mean squared error,R
0,44244748275.06283,0.3138352735625648
1,148841063614.7374,-2.249712998864995
2,210414675340.47296,-5.005451399788221
3,65229149555.13782,0.32994041007257524
4,675649765734.1232,0.18419985205533207
5,55650196986.76703,-1.9825123484082856
6,173119389028.48242,-0.6766256851680901
7,422404842012.59247,0.12509328465349911
8,573382849800.6963,-26.0319087773225
9,218316012421.49847,-0.5321368977579679
