,mean squared error,R
0,90004833364.37015,-12.319764199075413
1,149669539753.24576,-0.5863415752217038
2,398533525623.2228,-0.9163385032095626
3,61924326623.51514,0.6373856758204572
4,110483048264.3135,-5.214577765138872
5,212108636018.7134,0.30690757954481496
6,105359167904.75266,0.621526378489877
7,635157218913.5198,-13.855645619422246
8,131463172924.74954,-1.5340438562653453
9,153777448665.12808,-1.6062773102536112
