,mean squared error,R
0,338424837988.97473,-0.12384796934272635
1,467650146268.2231,-0.19383541914784397
2,175175230234.30185,-11.97133489721033
3,2231636140372.2275,-0.06991773175165861
4,577250168706.9149,-0.326793796895114
5,620811172736.1097,-16.76576800442076
6,550804496012.445,-0.12359594072480862
7,7324250329794.345,-0.14592760741202682
8,1204218120600.2874,-0.10923990628176505
9,209015328228.8011,-2.4928347249021123
