,mean squared error,R
0,373545302486.2801,0.07386820658908155
1,1251943527177.8848,-0.7260234118602169
2,96138879914.80151,0.09875626554575656
3,94612225782.05424,0.5057790594926328
4,529161753880.7416,-0.9825366268820783
5,62706221196.904434,-2.6092964293717484
6,805884392513.9039,-1.1354818562439144
7,199866898509.05423,-11.864357673733434
8,160136875367.59067,-3.119433709985471
9,123694166151.3202,0.2918031518885954
