,mean squared error,R
0,150664306019.0064,-2.7839205944159677
1,6672743394597.681,-0.02767533214074147
2,1081402143998.8041,0.09097857091107198
3,546994104535.37067,-0.27298909473103516
4,2311909400079.9146,-0.17133116023364803
5,436111417502.6229,0.05066672122622862
6,1832060630404.1643,-0.15504178298137683
7,4289686657244.1797,-0.07857393130700863
8,245025677805.1523,-11.180652314905007
9,334696877125.08905,-0.7884425486615909
