,mean squared error,R
0,97392424338.0046,-2.831596007154549
1,27565866275.142365,0.6122025979763617
2,69491751000.9222,0.2273315934023713
3,60781161880.12764,0.46439184286874546
4,149479215408.50443,-0.28091303489907005
5,104136118840.03958,-0.039745105677226444
6,359497442580.99506,-1.5841374437311169
7,86004985661.91899,-0.3652319482250448
8,270371298523.40207,0.14065777708124394
9,249171616378.3528,0.08443247263111531
