,mean squared error,R
0,289360216151.1947,-1.0120802488375098
1,118601774934.52658,-0.31900344971209016
2,164435231620.6768,-0.3590984349332369
3,565328658607.8342,-20.199447318847085
4,418318420605.3462,-0.5601365451656384
5,165267277621.5657,-2.0558761764908784
6,81974612689.56337,-1.0983146309524998
7,83643202536.95619,-5.38398462516423
8,334537928499.42413,-0.7054463325754339
9,95180982260.91606,-0.20273514897322076
