,mean squared error,R
0,201960943282.30634,-31.2295901184346
1,197306631194.68576,0.11407523170680578
2,128979422220.73375,-0.5627451257634728
3,438435866027.11975,-0.30134900397071673
4,16386422592744.17,-0.08934872080101863
5,2187567983879.1323,-2.639641590069797
6,76035934810.54526,-1.884287606695005
7,687767701318.4537,-0.5227501371493106
8,741126350212.2981,-2.924601190790098
9,104066687061.07825,-1.5066202848200279
