,mean squared error,R
0,34.707893022704575,-3.0553806543672656e+29
1,467.37879699509455,-1.0254547940397254
2,379855.5107176681,-0.7567640431949221
