,mean squared error,R
0,231.5293801999806,-0.5413278849974335
1,3040.952141453649,0.08106124947454019
2,63.08868972085046,0.04171292935914961
