,mean squared error,R
0,23.866521910220694,0.30739341884952687
1,29.48327548975889,-3.146781700025059e+27
2,164.20911936906612,-0.08326262949439944
