,mean squared error,R
0,99435202060.48535,-3.609243782732743
1,112093259329.48354,-0.4778640538457839
2,38139841711.39176,0.6396892691306925
3,26866802241.95263,0.5205330459846785
4,126509690478.89018,0.04957714592394635
5,660953097437.9371,0.048923018776173444
6,177554860572.92282,0.0836098602637525
7,113595600701.3332,-8.179673882430002
8,87214565884.0453,0.8789744935878614
9,32208927673.98125,0.6359960989935043
