,mean squared error,R
0,10660712865728.791,-0.13423274206438607
1,6229294469615.0,-0.5742393507147734
2,3627492890617.4146,-0.27169791387764297
3,572390175628.8812,-9.579713637051993
4,102101891640.38618,-4.7780468182707425
5,98180249236.18188,-0.4518506136577296
6,100629919269.24826,-0.8636576477882665
7,1816592178425.7422,-0.061281634035943666
8,548625595807.37384,0.06777677415726457
9,147349414884.6209,0.17193968442734953
