,mean squared error,R
0,58507879263.810585,0.5866631671662612
1,157262199752.44452,-3.3265210609207774
2,117007652493.03976,0.07510567200883611
3,89474281708.47774,0.4058588739025114
4,62498892533.53594,-0.2179088634620172
5,102904278214.56294,0.29322225260723733
6,67098764781.89449,0.1647712029130053
7,43151325170.67684,-0.3420805816074548
8,561695923553.2823,-121.64909971560583
9,82063731959.97958,-1.0411601130372903
