,mean squared error,R
0,150581115430.5921,-0.6936893243981348
1,6546501895547.432,-0.03766145742102256
2,394289598578.39453,-0.4027553272128954
3,102480186980.34248,-1.0021372937003408
4,369977723395.6435,0.270722330311721
5,2390209531595.2666,-0.2640121456017599
6,155845439670.6168,-1.6358018783077566
7,36024404129.11299,-2.4441758132479143
8,131036129388.71323,-1.0720685341641762
9,212259109645.47165,-3.874737305585585
