,mean squared error,R
0,15252.902815691365,-0.6432189032865574
1,27602.51568186367,-0.12098306463123953
2,975.8849708972781,-0.5926555534834357
