,mean squared error,R
0,75.86695119799712,0.2373111689420715
1,56373.47102340029,-0.04462006607094815
2,55.53777352725688,0.4297448998205494
