,mean squared error,R
0,2385.8033768545074,-0.8421566943138283
1,44570.4268870152,-0.15738483716470464
2,1455511.2544618112,-0.1513252773497482
