,mean squared error,R
0,28711090996.891644,0.7606097296268289
1,16926590742.220371,0.9096214321400209
2,61247687214.7845,0.46499577837969375
3,545462187645.27826,-4.244425500623346
4,56035652811.68803,0.3495298845107062
5,31112773773.002277,0.5235428758459265
6,45318096769.87837,0.3087180863125465
7,23193641205.10835,0.7103142471753544
8,36124643785.319466,0.7181206556158045
9,50652757423.90386,0.6393238695855719
