,mean squared error,R
0,63574374610.50216,-1.1981742242490254
1,31376107980.7487,0.7750918529490634
2,68035556678.91431,0.02721603617037527
3,39665060270.43322,0.7317590441732795
4,61278342947.9803,0.9007347888588838
5,31504279226.22831,0.6242544250891298
6,83956905492.42427,0.024889206503671324
7,51265047163.25494,0.007979409372524504
8,163639257078.5474,-1.208757461103834
9,85782123985.55058,-0.12102607401340748
