,mean squared error,R
0,567527535395.8721,-14.85851471722326
1,164257881539.71286,-1.2066409835739709
2,84923244177.28015,0.0073618529271578526
3,67142473205.55207,-2.941581001880126
4,75044535091.5344,0.16788928490764343
5,43766131083.821724,0.5602181139987097
6,93816993892.94579,-0.8591420030916022
7,47827874962.8856,-4.251542352427917
8,87698651276.80623,0.35039068031514253
9,122794047256.17882,-0.9923525347044515
