,mean squared error,R
0,637283862610.6205,-0.3357048920801593
1,327108558724.726,-1.4618070674371317
2,55250826534.73124,-11.4595871415521
3,192273956492.8995,-6.8074212439237245
4,62771085486.27796,-2.3646717378886013
5,284888639288.2999,-1.041017422260349
6,92509767314.57149,0.23139624552591487
7,46416657340.841774,0.5212779571323038
8,506660114662.11005,-3.217118871600766
9,360843232238.8255,-0.32930474686844713
