,mean squared error,R
0,203005630248.79565,-0.28041102382120964
1,72764782260.16994,0.4816401822132421
2,64650247732.1838,0.6233431559196292
3,85923174159.02298,0.146051852724167
4,443398912179.7763,-2.5664355380588
5,135351148084.38405,0.4229304705056769
6,61428937214.48321,0.039705573564834284
7,96134801032.92075,-0.13007174577709657
8,92133675021.77376,-0.530663640861976
9,63837503277.80501,0.030328066791145303
