,mean squared error,R
0,25.21299357149944,-1.7945663316339475
1,23.02686482013624,0.07002081650524405
2,32.39804495994015,0.3981861961378709
