,mean squared error,R
0,39187.41675927882,-0.11578034107230484
1,5005.659474304242,-0.0831848392898149
2,10927.626822331984,-0.0023625569102674326
