,mean squared error,R
0,22.052791480781583,-10.053834582246806
1,189.52069584280937,-0.03767385783465271
2,14.029890222507735,0.17563961473727774
