,mean squared error,R
0,33.231196743920925,-1174.380564971848
1,31.358153057713093,-18.145981330980106
2,79575.55692742566,-0.4944168748050619
