,mean squared error,R
0,460.5920600256033,-0.2668052805561867
1,179.16949796882696,0.1410739899172646
2,35.68621316560948,0.4107171624322119
