,mean squared error,R
0,81254.30794351101,-0.8007671916150205
1,3640.8638219813183,-0.8225245015612386
2,799306.0917807133,-0.09215316962289499
