,mean squared error,R
0,123018349418.5706,0.4342771861900686
1,130781922619.90817,0.031214905403754156
2,375080099462.91046,-0.4720259979559531
3,47732695720.07964,0.4630215446251613
4,44473879470.98271,-0.02677638534299054
5,218931290462.9411,-0.7315336290414305
6,350555315230.252,-1.97116244479647
7,65490802274.99292,-0.0721395146655377
8,177583689711.1526,0.2578353485454219
9,61543304068.31463,0.47902065030613405
