,mean squared error,R
0,2687.522758198121,-0.007798122344236047
1,7.914368262715904,0.39679067914745325
2,28.705073431473544,-0.6518999765438267
