,mean squared error,R
0,52510.07448419621,-0.16069336610415808
1,484700.75840463134,-0.214425489537579
2,4672.985246466374,0.021149387073962855
