,mean squared error,R
0,28.159746984327093,-1.2946095731319196
1,27.344843706018263,-2.3884686551744574
2,268.86592981852664,0.14697387150750763
