,mean squared error,R
0,19.363286463553667,-10.728152954079794
1,91175.84293162727,-0.21990797818053043
2,3722997.7802985194,-0.2265079824681655
