,mean squared error,R
0,3398073.042368674,0.0007976992135519945
1,9379431.199777285,-0.13025047386331434
2,27.889933895078588,-0.25179410203274655
