,mean squared error,R
0,22.470344411615745,-0.8198922020152479
1,29.23448658244039,-1.447031384536047
2,1307364.386679748,-0.08577118025184371
