,mean squared error,R
0,85438468213.98978,0.36300334142882196
1,386660729337.3151,-2.6889666031024952
2,30853984775.167694,0.5011630605612345
3,66633050019.433304,0.2946121127207382
4,93695030016.0352,0.10570862775002965
5,260157214611.78265,0.024405986767487953
6,82723867081.6622,0.4708706948726362
7,56627719153.18945,0.08118878684953534
8,298527982966.1235,-1.099994779680515
9,159888575281.18295,0.11859424627894632
