,mean squared error,R
0,146422031567.84067,0.4549640116016288
1,138280100515.55994,-0.2551402223920862
2,168072262875.46454,-0.5501153461935737
3,126488064479.8834,-9.240616429710766
4,590618441869.3099,-8.092825290635938
5,58534372672.20771,0.19461509796430354
6,115059983262.05928,-0.6198281565513717
7,91486089186.32796,-0.651063608757974
8,160347817691.29926,-2.793021646755429
9,119828312067.67955,0.5207458584688271
