,mean squared error,R
0,376351878263.9525,-0.09690528076551974
1,764677403691.0499,-0.27198052478748624
2,890198255444.6371,-5.010315932460612
3,790669631008.9651,-0.18946635100133258
4,111742086346.30482,-1.6494968007356863
5,147977343496.9131,-0.017597299119882948
6,184946338361.23053,-2.8320802610647635
7,354680470288.2067,-0.44574155036855045
8,138807342613.9835,-1.2958817294819176
9,162101331167.30136,-0.07979217805634553
