,mean squared error,R
0,1882965229624.102,-0.30454788545160283
1,78978278524.80861,-0.34272662928848274
2,151197090843.52927,-1.9517678190624959
3,617453552235.3369,-43.061555774280286
4,128094599762.8135,0.447395390007321
5,243084183155.23932,-0.7419707248996892
6,150848406499.0764,-8.36655585232492
7,49888092424.90137,0.06252764676251976
8,33615454542.016907,-1.1328286138555703
9,110162800409.70016,-1.0572400789088507
