,mean squared error,R
0,69144795967.7294,0.49700107919150704
1,520712775977.3314,-12.138002118361268
2,97601481000.91237,-4.412445325494825
3,2676106086669.0024,-0.47317145838799424
4,5193361137269.257,-0.12944962840754726
5,2659379997324.0977,-0.5184809796383443
6,426823702038.7796,-1.558828456205826
7,81858239131.4249,-1.369990279565246
8,114509364050.03882,-0.7369980351564323
9,264871571068.483,-1.0413185692842495
