,mean squared error,R
0,113432579792.39107,0.2597388488782987
1,39020299760.65285,-0.6577517756400364
2,335798316713.2938,-0.6174811245475085
3,144648014451.9849,-0.9288436456726163
4,115291398387.88571,-1.0771794478152472
5,128262096185.71806,-3.5147985435575126
6,112688848485.2715,-0.6563316401552095
7,302494262054.342,-0.023429997294780902
8,106412379379.33015,-0.7714474608554902
9,113524524158.35999,-1.9420175728782754
