,mean squared error,R
0,135060617697.01073,-0.06463659647680253
1,108884050573.68826,-0.49977079166216365
2,96158907250.09059,-0.4299392176459147
3,109438725285.39323,-3.030821624069427
4,107063657406.39676,-24.42351764983452
5,151139262680.01498,-0.43931009169563073
6,131309200749.11076,-1.064505754586147
7,557849484094.8649,-16.010731711981443
8,65023010873.33114,0.18180985811594674
9,76543487653.62569,-0.7339667287946112
