,mean squared error,R
0,204381212984.466,-0.2250871230724667
1,106183475878.76306,-0.03786130831110235
2,119773787437.92986,0.023603915963389732
3,66787353607.76251,0.5107731970676144
4,354255831309.28625,-0.4019274056602611
5,121819375515.19705,0.22251409887493556
6,62029953600.417534,0.3599920608313635
7,89207131946.83415,0.43798970502566925
8,87448292190.69359,0.030866687827357575
9,788727830899.4724,-0.17717721338240233
