,mean squared error,R
0,132555180099.64262,-0.4060532956995204
1,406607945591.9904,0.22304524962536643
2,423281213311.4041,-1.438724023308759
3,519180524845.4581,-0.27219931273053577
4,520872045794.9027,-12.473835628257705
5,112674284561.17134,-1.6235041990709043
6,170465316212.80142,-3.6994306295001094
7,73613627176.43141,-0.3466141265034475
8,139655976232.4301,-12.006283712348987
9,286571812869.64795,-1.8819734388876501
