,mean squared error,R
0,340083492778.5206,-0.02258843184214898
1,106336483633.21681,-1.4870202856416506
2,427531539872.59753,-0.2829904917070929
3,577261556351.9973,-0.01147491984406157
4,127917514098.37831,0.13122075819569468
5,137198620597.12875,-0.8689797055092678
6,53434629312.966446,0.5699149537187376
7,571318043636.7391,-7.461013409829626
8,155240916207.09628,-1.7472855477523197
9,173214642704.70703,-1.057626285829178
