,mean squared error,R
0,129537774825.89041,0.11452552766185309
1,70011430992.54823,0.47016091378467684
2,88819269367.37772,-0.9177420193916357
3,110070706519.03549,0.5971281674015843
4,232246251812.22263,-0.15882880372861874
5,150221969084.06992,-0.4671571950832707
6,132741456930.9006,-0.033711530998410844
7,166635893817.67206,-0.10059869689108902
8,871649184773.6627,-0.3844490747426921
9,83940038688.75464,0.17594642234804603
