,mean squared error,R
0,77133958533.19936,0.1541975310735606
1,53405742945.49172,-1.2178815717501554
2,74342643826.29068,-0.03889486131735853
3,566084351428.3438,-8.095282011769854
4,135068070246.68993,-0.33366566820017485
5,18591869730.395985,0.6383208593346223
6,147333537366.9786,-3.557450834399411
7,88937208761.61781,0.15440623470355652
8,140930487245.63736,-6.545928667636681
9,193316899937.543,-19.009689093491325
