,mean squared error,R
0,220007439760.36865,-1.9420748042079543
1,508798437012.2186,-21.907852040802112
2,458490038206.4232,-0.07229542844211578
3,86665848903.96945,0.3720374238347307
4,143832353721.52972,-3.790310745072902
5,647616575451.9938,-0.4960988495944776
6,88253519836.66373,-3.498575660657367
7,330368531545.063,-0.8587022310408918
8,123088115764.72151,-125.80613523315833
9,89206923504.92882,-0.5933670807437053
