,mean squared error,R
0,76925384314.31029,-0.2814886539695729
1,99697187861.87321,-6.099847139172275
2,94684953828.1803,-2.082727961665315
3,267671953384.65924,-1.710639889747286
4,115507800992.317,-3.7301629301502084
5,76077603294.41855,-2.899254983888462
6,164032025666.9912,-0.9449351217200019
7,519104664475.0404,-6.495722160172097
8,166420043954.84222,-2.119717845664907
9,105296267718.02591,-0.8130897382128857
