,mean squared error,R
0,179988069273.8367,-4.613206228826957
1,75423760017.4149,-0.4011631186065221
2,88610614138.7949,0.604730758348871
3,103242931210.66776,-1.5523435495440512
4,611341863238.3782,-11.80843775338131
5,206619564523.81418,-0.9820368239626165
6,28225576541.610817,0.31159206863474
7,93765852252.51125,-1.6044476737219915
8,94403361043.21828,-2.9177912839613183
9,132687070109.82713,-0.661464151592492
