,mean squared error,R
0,293718624573.633,-1.8473912255935345
1,108030853261.05287,-2.497490803490523
2,210236955511.4541,-1.8080145710238114
3,52897514918.85664,-5.359296684552998
4,108844546715.3603,-0.7122841012842984
5,227044991404.61496,-0.6255130125960611
6,66932968901.18899,-0.30577760328389947
7,47703709951.8296,0.7595708077421893
8,125163486056.41183,-0.6607191476624283
9,376274463278.1695,-1.0271812866269006
