,mean squared error,R
0,58457261350.37412,-1.894330539648565
1,82611109201.32368,-1.3554274016758323
2,1116739649034.1064,0.009898659293804069
3,52346897101.43531,-2.260400673002425
4,154541147882.2409,-1.0098542245459972
5,448781438525.41797,-2.0477569522949093
6,73450531667.61438,-0.2288059133048468
7,443047544380.31287,-0.18453217105963393
8,293408407446.9239,-0.037798287715397505
9,3353337728622.1943,-0.15175821659692312
