,mean squared error,R
0,20.95912639970985,0.3593668833992757
1,20.9578284580587,-1.143056257995453
2,16.14978721591724,-47.42326761692883
