,mean squared error,R
0,241.4128358185384,0.08970747617894259
1,47.257727080203566,-0.41469417041562395
2,90.88227329326311,-1.091957014347361
