,mean squared error,R
0,27.754633023575,-17.78270316810614
1,34.3919441322706,-24.58714913651777
2,13913.15220074737,-0.9437829027394382
