,mean squared error,R
0,116760449938.86302,-1.0463949419675758
1,148802308388.21036,0.25446556390127184
2,30303529890.554955,0.43770684303373697
3,121182504484.96219,0.2686136359844985
4,60613346570.33422,0.10530381834282698
5,678998725265.8245,-0.578517832372136
6,214073970814.96222,0.1913269276198627
7,254378226631.51953,-0.5311564960672024
8,49432507267.38065,0.32874346421072
9,81157783369.15515,0.09648801719678868
