,mean squared error,R
0,61978844.83660594,-1.9763911231226885
1,114739174.38677688,0.0
2,104316373.55149798,-3.490356185096828e+27
3,162604672.58059952,-8.191372844537192
4,70088768.69349457,0.0
5,121792449.48576511,0.0
6,151059809.45042413,-23.953160272071344
7,170548100.7468654,-1.2886250154945162e+33
8,183858884.37664682,-5.556793812211727e+31
9,98505076.32686895,0.0
10,143345647.4559806,0.0
11,114716467.91774723,-1.4597695129829593
12,103003632.94029926,-5.5066049274558395
