,mean squared error,R
0,164691761218.20502,-0.32827037133039827
1,995546404072.7023,-1.118634136319169
2,76856052172.8864,-0.7653963881743875
3,2347454610224.4673,-0.07678919766752745
4,745078165036.0686,0.07750134813084397
5,271374666498.83694,-1.1073715765800163
6,2751936955767.934,-0.06306567600185509
7,82962978667.73625,-0.49321832124880816
8,384410544772.461,-0.987525096166022
9,719784624763.668,-0.46795551508903577
