,mean squared error,R
0,5331868571913.673,-0.13538298962926643
1,385016050907.8818,-0.2338762111408217
2,68625783251.7993,-3.6419955231802543
3,420709294579.17816,-1.9969883518781169
4,150458346245.17288,-4.133556023566103
5,229910963196.9124,-17.73550481682457
6,235149908185.8151,-0.9121133294211587
7,1063913236171.2185,-1.3980891040136516
8,130657583210.44173,-4.135555558192761
9,679614730591.4865,-119.6695750879842
