,mean squared error,R
0,692440841736.8519,-0.021208579330861177
1,721251646768.7521,-0.29180168582311783
2,2695911774856.9287,-0.18279631540883745
3,154107308616.70572,0.3184988876531445
4,74075923486.06187,-5.4540968189567485
5,55004669874.64413,-0.8289707001243312
6,9379683990558.457,-0.06741118367349741
7,156477086081.16962,-0.6019740470645718
8,227155166460.28342,-1.7546064015805611
9,2809761796191.4336,-0.09497600151597552
