,mean squared error,R
0,101917832932.84279,-1.537220418658706
1,206467775376.43674,0.25689121806878545
2,1480363302898.9177,-0.7673501616341645
3,143702598809.57962,-0.8611223908131
4,3364111739011.921,-0.08096600166784862
5,268168738186.54926,-1.171479210566042
6,133112121946.73775,-0.7955384744408476
7,90696907275.57765,-2.4825613092373184
8,115321221170.21861,-15.6508356003079
9,75934309065.81609,-2.471297826390809
