,mean squared error,R
0,104510265448.37741,0.588105308227164
1,175328482758.92844,0.24052151485417717
2,66706202551.12154,0.19491568996770403
3,80845723889.2369,-0.20829917915150653
4,77305554653.25317,0.15005714329164077
5,88175007649.02567,0.4729207454594314
6,382103510150.544,-2.721433253310506
7,710139750988.7037,-0.5698706010999475
8,41062322940.34368,0.2526844030524348
9,347040224730.15234,-0.5512092271845759
