,mean squared error,R
0,160125190229.67178,0.2972710214500621
1,172522804213.50934,-0.7512867864756845
2,282068672105.2718,-0.9284192810752931
3,169246441748.36423,0.09418956608197804
4,149171594854.57883,-0.30548211614229115
5,74937656883.48798,-0.3068573931817009
6,1280374902291.0583,-0.09605580307858785
7,281477438581.77545,-0.09371885475856856
8,129452802160.05858,0.3330967228417244
9,106770830498.52272,0.43417428750341147
