,mean squared error,R
0,91.35449448380653,-0.9203519865903615
1,532537.1501743965,-0.8933909778742166
2,35.66406609910007,-2.419901052082313
