,mean squared error,R
0,17.73185154256356,-0.3142327566807763
1,20454.41418347523,-0.015292107166320124
2,11442.087400549515,-0.02761236809697465
