,mean squared error,R
0,239626.44760017356,-0.8977141009542426
1,996.1517010219665,-10.961769816521663
2,5626.6079499973885,-0.33356400210221393
