,mean squared error,R
0,80039490307.08435,-0.19225109979751354
1,145366747661.38922,-1.3634833464227163
2,622550713864.2856,-9.01943101023604
3,51066388156.39415,-0.512246361685829
4,153840095757.27765,-0.34472662975404034
5,39003187374.36941,0.5869777902343478
6,97364195632.9843,-0.5583569515004307
7,106216790679.3243,-0.5517700830669745
8,104390920770.25049,-0.28499035235810277
9,76938037605.14198,0.5377105167215671
