,mean squared error,R
0,418108570988.91705,-0.05858077852534116
1,5079617054895.956,-0.1259480666036623
2,178874274594.88116,-0.31658968986883673
3,72247780058.19968,-3.5205390546274193
4,106504666543.79599,-2.3552412954696176
5,2892582614143.183,-0.2963593315711772
6,5765660321607.414,-0.023288305070762183
7,27593906591.57568,-0.30202967363552546
8,293236728700.2258,-0.7131063710037371
9,319488766751.78107,0.31087106430444067
