,mean squared error,R
0,716768848113.045,-2.379179705769584
1,82858045385.56335,0.45646401563769023
2,85020802273.46614,0.06198627357222697
3,150162670920.03812,-0.029954301451273313
4,95627418667.42778,0.21377168276393643
5,108503379523.51674,-0.017600264370223995
6,964837113439.4264,-0.5232260465830936
7,3028056768779.6274,0.04099404774615789
8,166588707553.64648,0.28748555625297567
9,62557452303.630974,0.4379073619859887
