,mean squared error,R
0,173500322935.38065,0.30606794701399476
1,101600581071.82268,-0.10828252663802096
2,79905760265.10854,0.04471605835094983
3,525870664815.60724,-1.238145498985797
4,158398128249.4809,0.5165314064810826
5,52748008417.186195,0.5146928007837595
6,338407938126.0733,-0.7163469859563814
7,59902783752.665146,0.1796343911035867
8,1415566533441.537,0.019215206354722847
9,242174573693.22116,-0.9575609305608561
