,mean squared error,R
0,153461833734.5229,-0.3658296553126492
1,103378450376.73929,-1.072524271121023
2,135984309784.81572,-0.4450325337149632
3,128466120684.6465,-10.781983643398252
4,371337081503.04095,0.08109788597078216
5,127266096019.04991,-0.6053957312341194
6,553772143625.2207,-5.3535142352956795
7,99828289985.39995,-4.793445864771478
8,129602367909.64113,-0.707287526250437
9,156805059486.3565,-1.5883257538634914
