,mean squared error,R
0,48036909814.75959,0.5429832150896403
1,133649451040.69736,-0.0003684953030220761
2,39732624388.71379,0.5674647824406182
3,151234730012.41452,-1.7689550699148562
4,104200133992.54861,0.6174212618481869
5,96703822062.25499,0.416468403513672
6,97776755633.1558,0.2393685743095446
7,28145073966.979603,0.6577895643678995
8,21341536032.034874,0.6190424029272816
9,8004394429.64773,0.8603964100787456
