,mean squared error,R
0,159769390645.28168,0.0215026306604853
1,137049772766.5463,-0.35416115446083296
2,173762828170.04288,-0.7570510129995214
3,689217569452.1699,-71.44150054181125
4,162931122734.72324,-2.079605767603755
5,70040511092.9918,-5.110127563434446
6,51998132923.296165,0.7447273882574608
7,172813147547.6461,-0.1409845071410225
8,170332579929.02438,0.45967375739062677
9,113597835363.84776,-10.00712180928029
