,mean squared error,R
0,223421734977.80618,-18.576898748343964
1,693485683448.8676,0.22764039879480036
2,1422498191226.9976,-0.19917231010958614
3,60602248768.616615,0.5661189039760961
4,294672487880.80237,-0.046368633659997105
5,216635636713.18008,-0.0823347938598602
6,263065390064.7764,-6.761850156093371
7,514057888447.11487,-0.2389908853975482
8,142400036050.0506,0.3693661342189447
9,247932595699.68604,-13.677867506763146
