,mean squared error,R
0,20.693443278715563,-5.666644446749075
1,26.937905138003973,-1.5806257283062477
2,16.179560540435286,-0.03391784796159647
