,mean squared error,R
0,7885.0678396676985,-0.034152125676531364
1,160416.1349269831,-0.02190248556039709
2,157.1125824176598,-0.22420807273626453
