,mean squared error,R
0,18.679368532425343,-2.055229295717086
1,12.031245403349088,-0.06075779757463717
2,32.30259919654707,-0.5750350977541565
