,mean squared error,R
0,27434415448.43243,0.015573559938475645
1,420596589495.32385,-0.8199479436935162
2,28383442648.55445,0.5352450084468728
3,74642223138.29347,-0.1474391102455488
4,119994069312.66602,-0.44189298230563456
5,52114830095.08523,0.06149102724284172
6,59316851325.662674,0.39576932828766054
7,61594153000.436295,0.5682205402441243
8,64382516399.2982,0.4283198249559451
9,62028354153.486404,-0.41148562818922096
