,mean squared error,R
0,16742731073.593287,0.7421639457815581
1,27411962340.8406,0.843384209726268
2,42076232054.048134,0.6398325032297061
3,43839845743.180534,0.1271573248357325
4,106659975791.5992,0.7209614507524584
5,63782222021.68324,-0.22656795346973735
6,43393345027.16235,0.3020304534840278
7,59714507564.8769,-0.18862917267487944
8,526706295443.29645,-7.399770415301434
9,66703816927.98725,-0.0550323934853425
