,mean squared error,R
0,116687893352.0129,-2.3950102318665447
1,87253713691.26689,-1.4169333439219645
2,80847310030.00406,-1.0428930912857397
3,256026557110.54623,-3.8785092816220805
4,162278691476.27652,-8.798089945965105
5,184520957868.93887,-6.435565333471652
6,125944697546.73036,-0.3277753373717067
7,142317080264.7522,-0.6770299216290303
8,47175886229.78417,-1.001598333932896
9,486766300434.1652,-1.3448592273830449
