,mean squared error,R
0,3554180535257.8037,-0.15938894240988488
1,562153902447.0149,-2.0778943340862224
2,10164853028696.662,-0.07963100646238419
3,3029110068189.139,-0.23453403741278578
4,123760007658.02342,-3.4523613198139103
5,1788377730106.0002,-0.05882974353188941
6,17630165471078.36,-0.052312911543942686
7,136870878317.375,0.08211290827954909
8,140816550604433.94,-1.1486516513572123
9,75036537531.98216,-22.16255936170146
