,mean squared error,R
0,777636440687.89,-2.5927680249207175
1,186204667908.4136,-12.688653630714581
2,222903627633.9297,-4.092253908922267
3,157084169262.04816,-9.51886077330063
4,190069014151.27927,-0.6113724515636141
5,86723781086.07825,-5.513912834245295
6,425059253611.9173,-0.4266836274560448
7,168398592210.96094,-19.947876000198896
8,2994637374587.5054,-0.2171338894144299
9,2490751435964.0337,-0.250558329801156
