,mean squared error,R
0,317880020799.06213,0.12735492480172395
1,368324089435.19006,-0.10504665892839093
2,146853089018.17215,-0.03397815817074723
3,4177411753901.0117,-0.1292249574791
4,1562148991122.0117,-0.09713970895480517
5,122809333384.84071,-2.955396613036711
6,214496722701.38412,-0.46887873958000625
7,4997509410444.679,-0.04537434118120909
8,2147301475519.4924,-0.3553264654096775
9,657865945707.7805,-0.02552801454742415
