,mean squared error,R
0,149085878374.7703,0.2375495391468221
1,37188144958.23152,0.2685333848883026
2,124157428383.11864,0.2620583630040223
3,98101699079.88272,0.3428214612493732
4,92561456787.54149,0.4128404095277616
5,128335037590.76735,0.30301009104327936
6,65451476596.95491,-0.41215243997700535
7,210961828784.9077,-0.4593026907972846
8,398929825080.66364,-2.177337744387089
9,186046957340.01373,-0.3027560571862211
