,mean squared error,R
0,32.61182606674021,-0.8037880117705305
1,13.577268759422841,-0.5305289206438208
2,18.7929805435851,-2.997843684991243
