,mean squared error,R
0,168.86502790009519,-0.02180086742106302
1,2894.7048394973967,-0.020576702571818872
2,14819499.41639025,-0.40280630914373483
