,mean squared error,R
0,35.722348212489244,-7.075540023925595e+29
1,803438.0449542236,-0.12854266778787782
2,273.341982046409,-0.23820748952796178
