,mean squared error,R
0,7764102990187.913,-0.0800694475601278
1,141495202837.8298,-0.4413740180597807
2,714380232923.9269,-0.3657719567360984
3,106236588727.20547,-0.8949316288916198
4,6602618104532.584,-0.11761468634520789
5,158324501849.42352,-0.9011093658964595
6,914500944646.5662,-0.42741771818729246
7,10150493941252.365,-0.07049469245461237
8,713233581801.7177,-3.025438908530125
9,268367326921.06412,-37.879345590732854
