,mean squared error,R
0,1439185783163.814,-0.1870380126258182
1,43805835201.031906,0.5852247766905623
2,904790948695.11,-0.26231672639184467
3,165920021295.29462,-1.2092805149233694
4,1031399826393.9366,-0.4029354875122946
5,93192472018.0712,-2.6805094254743573
6,7410982833490.165,-0.060986393235924474
7,5904854467545.335,-0.09039225854103927
8,664767950020.4148,-16.518118517293633
9,138420868345.7764,-2.3919538999032315
