,mean squared error,R
0,410917772592.5272,0.0052507786478678264
1,96289160780.17842,-1.5288623387998443
2,106368607171.5034,-1.625721483889052
3,490731336916.9434,-5.148171937116042
4,72255591502.81212,-0.6392743195968815
5,30192170401.738705,0.26013623488314674
6,128925181838.32533,-0.0027118239816008582
7,171269909309.03876,-0.7150838145307015
8,87285203343.87642,0.49147273642888245
9,51597673652.68617,0.3576909814273611
