,mean squared error,R
0,61962514960,-0.185605789
1,53901796010,0.72343781
2,1.29902E+11,-0.434802242
3,8.00691E+11,-1.830093956
4,2.53212E+11,-3.855183036
5,46752241204,0.131845475
6,74216651449,-10.22360802
7,1.01639E+11,-3.951098331
8,1.1434E+11,-1.316332135
9,54932228583,-0.05112505
,1.69155E+11,
