,mean squared error,R
0,2230693095552.0913,-0.10248798105043577
1,149295453250.33148,-3.793556103985239
2,171760254305.07364,-2.9461666245564984
3,634487405484.9391,-7.9604745528773115
4,95104775641.96191,-1.7840882821974038
5,626372361516.6027,-0.08925808280122038
6,13158199684801.08,-0.16296919341821603
7,87748292609.94157,-0.7576338871754875
8,70273365885.19083,-1.0691675840951729
9,153821484104.4222,-3.060191167321893
