,mean squared error,R
0,865661324066.4287,-0.4948270456352073
1,121966564083.28891,-3.1956970312033404
2,525683723873.039,0.03028960892680821
3,2800729815719.712,-0.12598763190839612
4,152372851886.17468,-0.860676533771169
5,107251712787.15648,0.037233324292926695
6,140110365820.11215,0.2570191304796021
7,2296936391728.565,-0.21838083162240762
8,869859441827.1178,0.05780856179994598
9,612738698339.6844,-42.331408285869216
