,mean squared error,R
0,14228513473743.553,-0.11350345152009811
1,12503082484974.902,-0.15290235522259943
2,2584790157980.2456,-0.30289758511513476
3,1666375970984.891,-0.21630752887986282
4,2304111559635.103,-0.027713341843169648
5,1072224754200.634,0.15077798498728046
6,249476028858.82657,-24.15357402919455
7,590671381849.9625,-0.1711559435725789
8,8848950248609.062,-0.18283536465702133
9,2217649299525.291,-0.20325243644967483
