,mean squared error,R
0,24.07476387775513,0.2655215792721364
1,27.90250920042443,-1.240405113675786
2,10122.646672058996,-0.34382942436071384
