,mean squared error,R
0,493367.981944843,-0.048347291986387875
1,161901.4115203344,-0.02150523175179675
2,327631.965432311,-0.11036826094295815
