,mean squared error,R
0,30.784270255934313,-0.10963041846949584
1,16.993051477658522,-5.054232381163201
2,275919.47500668134,-0.051159514314040866
