,mean squared error,R
0,63289086580.45213,0.3431844792293882
1,104213740167.59445,-0.7679047482840575
2,691470672003.3737,-0.1428565361752212
3,76003650904.56291,0.2191547343591912
4,398550903099.3808,-1.7378492624052329
5,43327933525.9525,0.45868184259782285
6,216206610255.61807,0.31160276025415934
7,60535851568.40084,0.2918307187563598
8,44899711437.59785,0.5147240765096182
9,121313670230.33449,0.058961528639028926
