,mean squared error,R
0,56046503724.62443,0.5353549323631719
1,51528768454.335365,-0.40089601967183053
2,122115932298.86806,-0.14842126443143444
3,100269241803.39992,0.048374489841015555
4,125600386399.71373,0.2367007177839342
5,49129169637.87777,0.7690902512373268
6,34654144036.2487,0.6924799044658405
7,573163161894.2747,-4.7565046805268025
8,88734603591.97449,-0.08146112557602847
9,135734249370.54628,0.3327782323091123
