,mean squared error,R
0,141369538978.59085,-0.9957808576158813
1,498047837633.9738,-14.012677874074312
2,91761335336.4113,0.14052750444042084
3,46005515528.47901,0.5636708017232963
4,98501165029.44566,-0.31565722835687837
5,79704162447.63168,-0.08511655261906559
6,66502661177.46778,0.4106233056133236
7,37736211960.43072,0.4296944040624612
8,46125518345.522995,0.7493788463568569
9,48009170235.48652,0.6214697587348477
