,mean squared error,R
0,31600920583.068333,0.5856353476837903
1,38050128261.531075,0.5441936501084883
2,19518734542.64656,0.22123500984353106
3,70308762358.51555,0.26406924661474684
4,199025371414.73257,-1.2263085351540406
5,39782727906.02545,0.05725597434047747
6,68821874726.81743,0.2992593814323361
7,81019023013.99593,-0.056340764389916975
8,119735584223.58383,0.8119126291120615
9,53402620059.38535,0.470435194239205
