,mean squared error,R
0,40275764285.48863,0.42239860977468613
1,369129184730.7642,-5.9682940231910875
2,144144461729.42642,-0.771073092596323
3,50653258163.04347,0.6534962632556583
4,175195953763.26004,-0.11308249476145704
5,117816769589.50331,0.062031852239668006
6,79216254374.20435,0.5653972463032124
7,194790377822.16232,-0.30280520693483615
8,2221171739129.792,0.055647152015323886
9,100509462910.26474,0.3918014333819677
