,mean squared error,R
0,23.162431071587488,-0.3434666174810237
1,321.96627889384837,-0.39941775301311955
2,32.74648758312308,-0.35304743135979355
