,mean squared error,R
0,1343103.2237862493,-0.10334110560744336
1,2648970.6257027085,-0.06810086949707328
2,6040.065281953729,-0.062252532910005653
