,mean squared error,R
0,31.20126693401735,-0.01129616191180527
1,8743609.06609956,-0.030489417803678087
2,608.6841432466839,0.07831973896806599
