,mean squared error,R
0,86572621716.52287,-0.6232088204979347
1,491580746905.2065,-7.84704419745313
2,33127232906.2673,0.09066349844387145
3,95302764468.3166,0.03774484214421814
4,87766430478.09822,-0.39714988819590347
5,117598296968.81837,0.00806546642038164
6,112170927728.04565,-2.8550136514633624
7,106579741892.04758,-2.2764721142253
8,119087188181.6661,-3.4284438379050393
9,92062789821.25911,-0.11082084791162172
