,mean squared error,R
0,108748350420.90755,-1.7444426037388445
1,32375437952071.348,-0.038991388394594484
2,120016479460.32346,0.046118406818246305
3,1398769098932.8035,-0.3795552905050079
4,72285219498.03932,0.6921951400231157
5,2092350212238.9526,-0.5800884767525216
6,5095122722894.782,-0.11866839463563172
7,85809401329.677,-1.516212517400064
8,428795647895.59283,-1.3057513201926203
9,3762709282208.4917,-0.009156329926201856
