,mean squared error,R
0,168587752974.468,-0.6345399251868697
1,58168344708.48498,0.5733969125831604
2,62820805969.86858,0.7232841267644513
3,49697969968.09108,0.4721066818139501
4,505404868873.3504,-6.906700663207374
5,130949455760.46597,-0.18098589200653903
6,105301237435.81522,-0.16258164237288164
7,66102621697.70597,0.6220075377631709
8,133041564170.50252,-0.005711584645642143
9,68321570613.31703,0.511745980760452
