,mean squared error,R
0,348927283777.25104,-1.6697435091936375
1,30582684647.453854,0.7158746893571968
2,110665973702.98375,0.1738459411171056
3,151719036685.55612,-0.006577885293048036
4,70341083443.36395,0.1687982264183494
5,144940351525.40173,-0.48779081412408565
6,161351844368.2748,0.02521743190130421
7,112189973029.81075,-0.052194200478203445
8,159068591457.60074,-0.27494932442615583
9,111560801283.15504,0.5189139058074224
