,mean squared error,R
0,14.038410020210856,0.4943519630140818
1,11.50319223852421,0.3089209945286101
2,52.9568841775932,-0.2472927222219945
