,mean squared error,R
0,163.13199540322466,-0.05701462141851166
1,1875.2456138929,-0.15219529862096115
2,165.92750779036956,-0.5892887684943939
