,mean squared error,R
0,14.128845583920437,0.3836947380138095
1,19717.78205468299,-0.2663985131274851
2,28.703695172753566,-19.51558104146306
