,mean squared error,R
0,20.97069380252659,0.2630446338444742
1,15.17827285389463,0.13993393662606646
2,790.6840002583326,-0.08699962685677054
