,mean squared error,R
0,49983.57437228514,0.0065499959326206225
1,29411.432334573437,-0.08226474923354221
2,259.8045802174966,0.15276775619763117
