,mean squared error,R
0,16.182163888594047,0.1886470305941519
1,27.126149453152237,-0.05503907023384724
2,12.674501971939431,-0.45369491512733484
