,mean squared error,R
0,46301574641.858376,0.4901789164335467
1,56034547362.669426,0.32217129640847975
2,432244678997.2015,-1.1526577870144896
3,795207824415.3783,-0.06700242610550533
4,114703351228.62251,0.16848535464134307
5,94093830526.67392,-0.2822166240369266
6,169696843067.48758,0.30639188238559345
7,308164278168.6583,-0.2861482307945189
8,63051882663.64461,0.29874508226396035
9,343871020930.8729,-0.5843454934197374
