,mean squared error,R
0,271422285966.73874,-0.34268946383353427
1,47224711696.680786,0.6133211629843784
2,127362235492.16577,0.05609778557647005
3,219991792306.55658,0.37744139623760187
4,142667621325.91968,-0.8914241471237039
5,83922562170.26126,0.3357981257469026
6,407820074313.8249,-5.533239161908459
7,50978230431.86872,0.1774000272608769
8,71978057573.38553,0.4399024567521418
9,56979837768.3611,0.25376781623735567
