,mean squared error,R
0,15.432080671602884,-0.5534324093764593
1,30.172881842540534,-1.5103089968785315
2,19.577919122140987,-0.8034418225029898
