,mean squared error,R
0,1480.419712056832,-0.003331325392412321
1,176.0346887741186,-0.3088219041868008
2,3189.8073781565577,-0.0819487374955199
