,mean squared error,R
0,579513.8382742698,-0.8725211017805483
1,25.346867814477537,-1.116119666293761
2,376566.98208401824,-0.047820660036065776
