,mean squared error,R
0,78054836148.51135,0.36970527698071765
1,55442904375.47871,0.22109636944072264
2,165662422868.66647,0.27160114186475603
3,71857329316.04842,0.23699505762606132
4,126446645089.17006,0.27520045525623826
5,177062977186.20297,-0.04687333123916759
6,105998102053.81071,0.04499054548738246
7,36742377832.721725,0.6125462719207405
8,512036822589.28046,-2.2284202794902392
9,159589131857.22162,0.017285863159449244
