,mean squared error,R
0,35766478743.11204,0.7709572815253825
1,137382424416.45837,-7.370857086546511
2,58367465517.04022,0.32450581315590277
3,55444087316.28579,0.08866684451604534
4,77735448529.64085,-0.19836542492021403
5,520595036604.2862,-1.7690551297127826
6,91862783658.3292,-0.06974579404437553
7,79568712425.65112,0.2772836728319662
8,135915532528.9779,-1.486146012459415
9,27936520397.21876,0.5025468026303084
