,mean squared error,R
0,6.35E+11,-21.33754152
1,94743956435,-0.14464791
2,79485946027,-3.535958699
3,1.16E+11,-5.07398956
4,33544738775,0.552361865
5,1.28E+11,-2.636555665
6,1.81E+11,-1.289918061
7,63408649549,0.007476554
8,94220496717,-0.296289739
9,1.81E+11,-0.200052538
,1.61E+11,
