,mean squared error,R
0,704822946271.0975,-0.658525383294915
1,124655133789.29112,-0.5180513930664057
2,270409434751.68533,-2.0352176070919095
3,130390365681.3723,0.11798213245487532
4,2313107368416.884,-0.033892930491123074
5,94502364771.32535,-0.003721762502482351
6,82166424292.3868,-0.3089907338606892
7,591554334187.7692,-11.229388160013636
8,188564440163.51505,-11.036437015374926
9,21831188651.01733,0.13009387978354003
