,mean squared error,R
0,50.652055701917114,-0.7018429926952492
1,345.0260510500514,0.004037291193341952
2,22.514403773096248,-9.145272299666635
