,mean squared error,R
0,98.92769956117414,-0.08307495704907408
1,179.02387468520465,-0.7059962050358903
2,5029.921555014398,-0.15232830508032436
