,mean squared error,R
0,7.913570270017444,0.6425464680486923
1,12.600016810587197,0.5151888238258641
2,26.629609856275493,-0.25131261048280895
