,mean squared error,R
0,10.40112103397131,-0.9518702269081021
1,20.997537019663092,-7.709981795213228
2,21.620235055895403,-0.008255798951381843
