,mean squared error,R
0,46.457137057670685,0.23909883926399655
1,559064.0291648591,-0.1018830417698231
2,50.17095949578601,0.42662018039480476
