,mean squared error,R
0,706.4307394032875,-6.646343619398725e+30
1,950.170596485824,-0.824358201666594
2,59962.07415880106,-0.31307680769631996
