,mean squared error,R
0,25.492746176473254,-67.69527521398967
1,7.683468512067625,0.7091053811927925
2,5777.236052282258,-0.018990992868677115
