,mean squared error,R
0,65294.898831855935,-0.09230293913551613
1,13543.28641974765,-0.0601250808406435
2,4142.0560368651395,-0.011407574589172409
