,mean squared error,R
0,29.140119756147886,-27.529782227943212
1,13.001115044564724,0.2816239454095536
2,17.84067981231132,0.10131063776900284
