,mean squared error,R
0,887105028239.5624,-0.049482534980298976
1,130157232292.95659,-1.5525476891845917
2,809430422318.3036,-0.15621583040004094
3,109906227769.10867,-0.06239560407465916
4,567396029310.9528,-0.27257476770278366
5,1011266266866.3407,-1.6713615421470274
6,188696342683.31125,-1.1869190276996866
7,164690351303.00174,-0.9415452112498299
8,6636942269461.554,-0.019668153709551106
9,3844307393074.402,-0.12484404059589993
