,mean squared error,R
0,187337054662.79556,-1.441172761825888
1,22038053503.212635,0.670628014478547
2,94554810295.7709,-0.19483337511094456
3,99926842604.48471,-6.474906145479458
4,64899697343.84899,-0.16752432727255728
5,59685414731.81832,0.433859511035658
6,69425849523.87556,0.7307491290098453
7,22887776227.65835,0.954269620638942
8,58018394907.305885,0.6090115272067746
9,88540925461.82101,0.6576684925339962
