,mean squared error,R
0,31.885239400800373,-1.2353914978357095
1,14.211706472752125,0.20813668941444197
2,128.08683539808214,0.1748391806972167
