,mean squared error,R
0,554.5932410562231,-0.18330975365921875
1,14512.684201700493,-0.023751483440778376
2,494.9220077924522,-0.8351572179972053
