,mean squared error,R
0,11.64016132713981,0.09515261370198713
1,704.5301609366447,0.07191922277383656
2,34.20541012839512,0.31120690932095285
