,mean squared error,R
0,27569138015.236347,0.7202356384795569
1,47779684503.95454,0.7542149842210814
2,42415318389.67617,0.4999241087147742
3,104627110182.30379,-0.2023486546855322
4,31745822464.856747,0.005088912520809341
5,51292444952.69668,-0.022625226964334555
6,99783837637.83101,-0.5372133937633308
7,68896596394.64195,0.23916733420622782
8,198522273491.27066,-0.00345691104370216
9,76413806007.74905,0.5511181934539962
