,mean squared error,R
0,112478068673.83797,-3.115333875601758
1,68060021112.20447,-0.3367135552036524
2,46523054014.16558,0.7218205395785077
3,111979620997.68227,-0.5002969384520042
4,67168077907.06201,-0.48992883717806346
5,133769678503.25346,0.44084990375428457
6,49661354325.44214,0.23246565063395286
7,73418907648.79053,-2.1329364443951095
8,25114927422.580708,0.6707493943537272
9,446505713583.2699,-5.692776091291632
