,mean squared error,R
0,30377315886.56348,0.5741942470220377
1,106854640461.4004,-3.0081604433444937
2,101692688890.8911,0.4817176792375868
3,185571263249.69125,-1.6796109370153953
4,191581419665.23917,-0.13553010255379405
5,96488273564.42697,0.16620646395136496
6,134118534179.48729,-3.5103753885260573
7,156772224534.6904,-2.0793024380278684
8,479099298916.21075,-12.051913399618504
9,111306077508.7927,-1.3338259065123106
