,mean squared error,R
0,155313683693.00504,-5.268457155402042
1,99178703373.84914,0.031069739658266426
2,77974758712.42905,-1.8511322892709638
3,88822555007.20654,-0.13467354516535268
4,655770644662.4711,-0.6222223334231072
5,3119709634761.3936,-0.389340233563775
6,685161307812.9393,-0.26840982837598015
7,1196001370907.9302,-0.19004807402942125
8,69426403767.75284,-0.3233278806731059
9,65092274956.04375,-3.705991004772379
