,mean squared error,R
0,118626274491.13748,-0.12694405925041785
1,54560818410.261955,0.29441770570692105
2,167262704920.08078,0.21066318389913163
3,540240216094.4414,-2.404268516076114
4,49901590634.28576,0.49823146571542387
5,104421827213.75908,-0.30645748198188216
6,84593361278.67409,0.09715520955123313
7,40637933043.29508,0.57233240096346
8,98666638137.42517,0.4795615208058016
9,143342298765.5797,0.1679055418315838
