,mean squared error,R
0,130193946273.22902,-0.22855376648260406
1,70949790909.7974,0.5772827249753769
2,465721074112.3026,-2.7488914987557274
3,58333548280.04417,-0.44025655032593924
4,111182671549.02797,-1.9006969600636099
5,48750016185.173584,0.35225917255471073
6,131485378339.52893,-2.110313095020941
7,106003368408.90538,-0.4639240223573733
8,103920499311.38673,-1.8230105322023347
9,75796321940.88164,-1.5414493800448446
