,mean squared error,R
0,45927088298.63581,-1.7473950095157518
1,199298657571.6194,-3.9404257746726152
2,208615154362.9282,-2.269056458133422
3,187597475596.5505,-1.7152800107623065
4,598494067815.1136,-0.5589812454491867
5,83655094466.07317,-8.288400789507783
6,99029545991.62474,-1.747721109314655
7,86831642972.60458,0.004671543148134671
8,616250462917.0741,-2.869602146892311
9,112340209847.82576,-1.122909877102015
