,mean squared error,R
0,381943948515.61664,-1.3174645997994148
1,205634269847.9064,0.10120127444334948
2,86412751947.2469,0.20733638440108404
3,148362004313.71774,0.06451110897492052
4,156415021664.742,-0.05581113932501247
5,129288213492.30618,0.33081266018926014
6,75023354229.18584,0.14714696210521927
7,120440212990.48703,-0.2142745114525595
8,72333416387.25609,0.3135759233438392
9,131269553726.71767,0.29792054606217555
