,mean squared error,R
0,6.87706E+11,-4.243658401
1,4.71776E+11,-0.30483777
2,1.74473E+11,-1.607660182
3,1.27159E+11,-0.086753137
4,2.15434E+11,-2.880814921
5,4.43441E+11,0.151571192
6,2.16507E+11,-1.336577569
7,3.24491E+13,-0.032594253
8,1.60704E+11,-0.027453614
9,1.64657E+11,-2.188816524
,3.51109E+12,
