,mean squared error,R
0,93291372557.16771,-10.669413154108291
1,237341779741.31427,-10.879601943450037
2,351785005788.23206,-0.7722367552650886
3,14739858942404.88,-0.06290491067890414
4,1412669053457.6335,-0.30631268871234285
5,102541682795.8249,-0.8709175302331111
6,148890892792.5169,0.1306045655475664
7,179411580988.10764,-23.039400447212316
8,180759313079.57098,-1.199733283544267
9,78681837326.29648,-0.8548634704701306
