,mean squared error,R
0,107608641192.29245,0.1354568247724418
1,119602077878.65868,0.14588116638820803
2,163883345520.89212,0.476093369793092
3,506240874057.95514,-6.8479852209549135
4,147330177211.14648,-0.14944450661100328
5,167781018036.92697,0.0005750178269795514
6,96619258687.19113,0.09476351187835486
7,132783138577.77121,0.3608653418251869
8,166731558685.76633,-0.5110964675006078
9,65440233919.92896,0.5490833442944238
