,mean squared error,R
0,174574622345.85913,0.3769366882884544
1,161793922873.3636,-0.10823427537477404
2,94579262271.78072,0.38452688868581175
3,57162428295.67083,0.2300878354614977
4,69198928042.32903,0.46163010624858514
5,151983923669.8363,-1.054273231436592
6,352372857984.43896,-3.2342016231385067
7,78187780142.29723,0.027804990144934982
8,144668045642.9477,-0.03956110113991529
9,135508792939.55766,0.19814152239332572
