,mean squared error,R
0,119944353500.8354,0.007234410525722379
1,77423902558.57191,0.3875634930796763
2,54009588012.55432,0.438616485598078
3,71668657445.11159,0.508910484373319
4,54752739096.91029,0.058256875239828254
5,99302318133.23967,0.11250803928912823
6,74449251750.304,0.5507764399605496
7,81342824220.08109,-0.09117374194177774
8,135033565020.22914,0.3766930416930806
9,460633837473.1166,-3.886316310176344
