,mean squared error,R
0,52744534654.29895,0.5540004574825783
1,112537168064.41905,-0.13775658814957392
2,81107310080.3372,0.12149195445462835
3,112962464594.25452,-0.22787215302483355
4,182535943112.61945,0.013919298394953872
5,61374767655.40147,0.5174217797958758
6,85061600340.9261,0.5767392762102501
7,118391235686.0345,0.23770161343671714
8,33896418564.884113,0.6715472015284892
9,466353018800.6867,-2.5300819778878267
