,mean squared error,R
0,178414686006.58298,0.16484082708421133
1,315635078936.7541,-0.5682098347768774
2,40960886832.602356,0.615126202491469
3,66322830051.38407,0.100727930387984
4,162701092620.73468,-0.39141195919121996
5,191753389482.97287,0.14722956173278723
6,205719577037.4935,-0.33136066820249543
7,106023161306.62267,0.3501284874370929
8,181772074307.4912,0.07861300934973003
9,127032332383.92247,0.17440111868470198
