,mean squared error,R
0,223862196987.79904,-1.060519131798006
1,133054855676.39233,0.272047278218729
2,100364319124.71716,0.01405603067143435
3,134954021946.70088,0.1011719295982566
4,352541198721.76044,-1.662033681600068
5,63822226376.61608,-0.17420507211055214
6,255602092447.1769,0.4025972742856949
7,111639505830.5249,-0.11532259994806471
8,177575599606.3155,0.1770641251422984
9,101404407082.86586,0.33962887011433296
