,mean squared error,R
0,249010208887.13553,0.030432516102043672
1,77798971343.72002,0.40953827685361155
2,94361418824.60448,0.2490610052604192
3,73862761332.04805,0.12101088220977763
4,508856396570.0894,-0.6718847915411552
5,358640110402.1244,-2.0656410848194806
6,77999418323.73679,0.33872982147439035
7,72154916774.58232,0.5893884134330195
8,124954548735.30911,-0.2190710894776089
9,204219039519.67383,-0.8643293519355661
