,mean squared error,R
0,479036781678.8724,-4.822117745808795
1,54366828383.57744,0.6362363465276839
2,118429872986.3854,-1.567442349638211
3,88864787378.70522,0.4619839479852733
4,294652631327.06915,-0.650663157641084
5,98813302686.2307,-0.890012832409937
6,107641957710.09465,-2.9588802783486736
7,84495575614.95332,-0.5817869818872707
8,205993514676.36337,0.10641827285751848
9,89789034439.03178,-2.126651286410353
