,mean squared error,R
0,454350098277.58234,-12.0029498128852
1,61765496119.068504,-1.8166305435271086
2,95877522103.58858,-1.73611550580316
3,120820620588.24535,-20.53731795925958
4,4143694165664.3584,0.03621560174385019
5,62597481583.172714,-1.5990203265686311
6,129052284862.46793,-1.4313592022219366
7,154771215359.59308,-1.750387582596777
8,667988123912.8789,-0.708066772270173
9,187608754398.69574,-6.44854183790534
