,mean squared error,R
0,51435342235.77266,0.762244413557475
1,111443500720.36076,-0.4211723648251029
2,114127379331.29184,-2.5653931311022053
3,75192262740.52821,-0.010022151106382937
4,141861742732.43686,-2.1890757976757964
5,414152397038.6622,-2.648524600222353
6,76240629628.91595,-1.9866117119702484
7,530516240038.8711,-7.473928159979456
8,143584319110.79547,-1.8547546426825798
9,90473572705.61559,-1.3788649911276822
