,mean squared error,R
0,119264786142.06934,-0.6944233758568192
1,70426795140.2704,-0.4598241431416301
2,168687071845.9141,0.2096332795262894
3,138205423358.1791,0.03289810727711717
4,129228272816.78894,0.15343989552221926
5,1398551418583.0623,-0.445535580786552
6,153394480755.7769,-2.686366598234684
7,441503334739.59827,-1.3797444017637366
8,181003942622.2793,-1.8335787274546909
9,161878078271.57855,-0.2660656571899822
