,mean squared error,R
0,69679918109.94572,0.020395453373975858
1,1132712464475.1846,0.051009120606503644
2,77593567660.40068,0.6190673672636492
3,112227488552.62747,-4.2404219799384535
4,65255241665.32078,0.49037991597701325
5,96303415513.77211,-1.315449359115696
6,510162204747.2098,-9.388400022852824
7,76468175940.65143,-0.5235008936467196
8,88420173326.82863,-4.241048851089343
9,750982494611.0543,-1.3289562752885873
