,mean squared error,R
0,111036926091.45723,-0.6661067985102218
1,130749382032.06108,-11.441689420761925
2,18339095383159.113,-0.21670668650228508
3,218308085900.68262,-0.8738880190641098
4,7089352667693.477,-0.5302202073001179
5,142234632212.57663,-4.03685929155791
6,581635104419.0059,-13.514981501370448
7,93492710232.19327,-3.362469826136752
8,260359978074.04147,0.05985384901723323
9,2041367404720.9844,-0.2680826213262477
