,mean squared error,R
0,45673160053.24981,0.052940016968042625
1,80829494145.45506,-0.5456921905807302
2,32447067491.994564,0.8134764968295021
3,41563941711.955505,0.6882370050357729
4,194109051642.7375,-3.1687189234418813
5,43789895159.156456,0.9201240422161961
6,40868979874.86711,0.4724273340168237
7,18051172525.01234,0.6969354106077427
8,57119555942.624596,0.6959260031681733
9,83258000646.16594,0.5879167518988131
