,mean squared error,R
0,92235969121.37769,-2.4940220832414326
1,501213190635.93713,-22.451198351242827
2,86015620732.7325,0.3683054559609269
3,62004405620.78314,-0.1002895363275047
4,91862951465.49968,0.4122335767494254
5,75800060116.83876,-0.3598668463094561
6,82729240392.19426,0.3870455045733223
7,34935866197.960754,0.5481498299947785
8,101950037626.32991,-2.026825617622752
9,125485695407.23247,-1.4036773903045883
