,mean squared error,R
0,6247.158274978673,-0.04034736831217978
1,14.361789694290598,-0.6706680746464362
2,33.95299073730937,-1.43199306201495
