,mean squared error,R
0,35.95199053028393,0.3290992797037606
1,6024.297532849409,-0.0372738707794642
2,315.12452272357757,0.09595947260424709
