,mean squared error,R
0,481529.58898631594,-0.052575641448143084
1,8.254219121717343,0.3944652401978135
2,14.554003694669847,0.28304027178775915
