,mean squared error,R
0,135289308653.6077,0.18821440241812226
1,89029698737.43225,0.5444100909098071
2,339426141628.58215,-3.4850839706978505
3,160515418883.09808,-1.1101538688157766
4,95776601617.62231,0.42464576612574345
5,78994396007.93987,0.10135926978053311
6,766237539368.6752,-0.2915839913529388
7,82691991246.23216,0.3640048236962701
8,91536449379.81384,0.5881810009637154
9,213503630916.6021,-0.013658481933229938
