,mean squared error,R
0,177.60802389781117,-0.2059522941098113
1,7.262466467866246,0.5537856302674834
2,29.687953514954916,-903.158573653894
