,mean squared error,R
0,22370.974426427863,-0.23639738999854054
1,106.25272666155968,-0.007605881896058264
2,890.5606191448494,-0.22459182674391953
