,mean squared error,R
0,2007.0646035819698,-0.31586047097634795
1,11997.566690917794,-0.1399091022088661
2,35.60950193816743,-5.066481230979622e+25
